-- phpMyAdmin SQL Dump
-- version 5.1.1
-- https://www.phpmyadmin.net/
--
-- Host: 127.0.0.1
-- Generation Time: Nov 30, 2022 at 08:31 PM
-- Server version: 10.4.22-MariaDB
-- PHP Version: 7.4.27

SET SQL_MODE = "NO_AUTO_VALUE_ON_ZERO";
START TRANSACTION;
SET time_zone = "+00:00";


/*!40101 SET @OLD_CHARACTER_SET_CLIENT=@@CHARACTER_SET_CLIENT */;
/*!40101 SET @OLD_CHARACTER_SET_RESULTS=@@CHARACTER_SET_RESULTS */;
/*!40101 SET @OLD_COLLATION_CONNECTION=@@COLLATION_CONNECTION */;
/*!40101 SET NAMES utf8mb4 */;

--
-- Database: `webbansach`
--

-- --------------------------------------------------------

--
-- Table structure for table `tbl_admin`
--

CREATE TABLE `tbl_admin` (
  `admin_id` int(11) NOT NULL,
  `email` varchar(100) CHARACTER SET utf8 NOT NULL,
  `password` varchar(100) CHARACTER SET utf8 NOT NULL,
  `admin_name` varchar(100) CHARACTER SET utf8 NOT NULL
) ENGINE=InnoDB DEFAULT CHARSET=utf8mb4;

--
-- Dumping data for table `tbl_admin`
--

INSERT INTO `tbl_admin` (`admin_id`, `email`, `password`, `admin_name`) VALUES
(1, 'admin@gmail.com', '21232f297a57a5a743894a0e4a801fc3', 'Anh Hào');

-- --------------------------------------------------------

--
-- Table structure for table `tbl_baiviet`
--

CREATE TABLE `tbl_baiviet` (
  `baiviet_id` int(11) NOT NULL,
  `tenbaiviet` varchar(100) CHARACTER SET utf8 NOT NULL,
  `tomtat` text CHARACTER SET utf8 NOT NULL,
  `noidung` text CHARACTER SET utf8 NOT NULL,
  `danhmuctin_id` int(11) NOT NULL,
  `baiviet_image` varchar(50) CHARACTER SET utf8 NOT NULL
) ENGINE=InnoDB DEFAULT CHARSET=utf8mb4;

--
-- Dumping data for table `tbl_baiviet`
--

INSERT INTO `tbl_baiviet` (`baiviet_id`, `tenbaiviet`, `tomtat`, `noidung`, `danhmuctin_id`, `baiviet_image`) VALUES
(7, 'Lễ công bố hợp tác giữa Thiên Long và PEGA: Chung tay lan tỏa tri thức', 'Vào ngày 7/10/2022, tại Hội sách Hà Nội 2022, “Lễ công bố hợp tác giữa Thiên Long và PEGA: Chung tay lan tỏa tri thức” đã diễn ra với sự tham gia của lãnh đạo hai công ty, lãnh đạo Cục xuất bản, các đối tác và cơ quan truyền thông.', '<p style=\"margin: 0cm 0cm 8pt; text-align: justify;\"><span style=\"font-size:20px;\"><span style=\"color:#000000;\"><span style=\"font-family:Times New Roman,Times,serif;\"><span style=\"line-height:107%\"><span style=\"line-height:107%\">Lễ công bố này đánh dấu sự kiện một công ty văn phòng phẩm và một công ty giàu tiềm cùng năng hợp tác để lan tỏa và kiến tạo tri thức Việt. </span></span></span></span></span></p>\r\n\r\n<p style=\"margin: 0cm 0cm 8pt; text-align: justify;\"><span style=\"font-size:20px;\"><span style=\"color:#000000;\"><span style=\"font-family:Times New Roman,Times,serif;\"><span style=\"line-height:107%\">Theo thông tin tại Lễ công bố, PEGA cam kết đồng hành cùng với các công ty sách, các nhà xuất bản ở Việt Nam để tạo ra các sản phẩm tri thức hữu ích, kịp thời đáp ứng nhu cầu học tập và nâng cao tri thức cho người Việt Nam. Trong đó, đồng hành cùng Zenbooks và Saigon Books là bước đi đầu tiên của PEGA trong hành trình chinh phục sứ mệnh của mình.</span></span></span></span></p>\r\n\r\n<p style=\"margin: 0cm 0cm 8pt 200px; text-align: justify;\"><span style=\"font-size:20px;\"><span style=\"color:#000000;\"><span style=\"font-family:Times New Roman,Times,serif;\"><span style=\"line-height:107%\"><span style=\"border: 1pt solid rgb(238, 238, 238); padding: 0cm;\">.</span></span><img alt=\"\" src=\"http://localhost/WebBanSach/uploads/images/tin1_1_1.jpg\" style=\"width: 675px; height: 450px;\" /></span></span></span></p>\r\n\r\n<p style=\"margin: 0cm 0cm 8pt; text-align: justify;\"><span style=\"font-size:20px;\"><span style=\"color:#000000;\"><span style=\"font-family:Times New Roman,Times,serif;\"><span style=\"line-height:107%\"><span style=\"line-height:107%\">Sứ mệnh của PEGA là mang nguồn tri thức phong phú của thế giới đến với người Việt, cũng như trở thành cầu nối đưa tri thức của người Việt đến với bạn bè quốc tế, tạo điều kiện lan tỏa rộng rãi tri thức của người Việt Nam, phục vụ nhu cầu nâng cao kiến thức của dân tộc.</span></span></span></span></span></p>\r\n\r\n<p style=\"margin: 0cm 0cm 8pt; text-align: justify;\"><span style=\"font-size:20px;\"><span style=\"color:#000000;\"><span style=\"font-family:Times New Roman,Times,serif;\"><span style=\"line-height:107%\"><span style=\"line-height:107%\">Trong thực tế, Thiên Long và PEGA nhận thấy rằng còn rất nhiều người và rất nhiều nơi trên đất nước của mình vẫn chưa có nhiều điều kiện để tiếp cận tri thức thông qua những cuốn sách hay, hay rất nhiều trẻ em chưa có thói quen đọc sách. Vì vậy, Thiên Long và PEGA hợp tác để trợ lực lẫn nhau, cùng hành động nhiều hơn, thiết thực hơn để góp phần cùng với các NXB, các công ty sách đưa sách đến với người đọc, người học ngày càng tốt hơn, hữu ích hơn. </span></span></span></span></span></p>\r\n\r\n<p style=\"margin: 0cm 0cm 8pt 200px; text-align: justify;\"><span style=\"font-size:20px;\"><span style=\"color:#000000;\"><span style=\"font-family:Times New Roman,Times,serif;\"><span style=\"line-height:107%\"><span style=\"border: 1pt solid rgb(238, 238, 238); padding: 0cm;\"><img alt=\"\" src=\"http://localhost/WebBanSach/uploads/images/tin1_1_2.jpg\" style=\"width: 674px; height: 450px;\" /></span></span></span></span></span></p>\r\n\r\n<p style=\"margin: 0cm 0cm 8pt; text-align: justify;\"><span style=\"font-size:20px;\"><span style=\"color:#000000;\"><span style=\"font-family:Times New Roman,Times,serif;\"><span style=\"line-height:107%\"><span style=\"line-height:107%\">Chia sẻ về kỳ vọng khi hợp tác với Thiên Long, ông Nguyễn Tuấn Quỳnh - Chủ tịch HĐQT PEGA cho biết “Chúng tôi và Tập đoàn Thiên Long đã có quá trình hợp tác, tìm hiểu về nhau khá lâu trước khi quyết định cùng chung tay thực hiện sứ mệnh lan tỏa tri thức. Với sự đồng hành của Tập đoàn Thiên Long, PEGA sẽ hội đủ nguồn lực để trở thành đối tác quan trọng của các nhà xuất bản lớn trên thế giới; đầu tư bài bản và có chiều sâu cho mảng sách giáo khoa, giáo trình, sách tham khảo; phát triển những sản phẩm mới và hoàn thiện hệ sinh thái tri thức mà hai bên đang triển khai”.</span></span></span></span></span></p>\r\n', 3, 'tin1.1.jpg'),
(8, 'Ba bí mật giúp cuộc sống của bạn trở nên đơn giản hơn', 'Chúng ta hay cảm thán “đời là bể khổ” hay “cuộc sống thật khó khăn”, nhưng có một người phụ nữ lại dám khẳng định ngược lại: cuộc sống thật sự rất đơn giản.', '<p style=\"margin: 0cm 0cm 8pt; text-align: justify;\"><strong><span style=\"color:#000000;\"><span style=\"font-size:20px;\"><span style=\"font-family:Times New Roman,Times,serif;\"><span style=\"line-height:107%\"><span style=\"line-height:107%\">Chân dung một người người phụ nữ quyền lực</span></span></span></span></span></strong></p>\r\n\r\n<p style=\"margin: 0cm 0cm 8pt; text-align: justify;\"><span style=\"color:#000000;\"><span style=\"font-size:20px;\"><span style=\"font-family:Times New Roman,Times,serif;\"><span style=\"line-height:107%\"><span style=\"line-height:107%\">Là nhà chiến lược toàn cầu và nhà dự đoán kinh tế, Chin-Ning Chu là một cá nhân xuất sắc với xuất thân khiêm tốn. Bà sở hữu thứ năng khiếu hiếm có nhất của con người: Khả năng lý giải những chân lý vĩnh hằng, phức tạp bằng những ẩn dụ và minh họa thật dễ dàng, đầy ý nghĩa. </span></span></span></span></span></p>\r\n\r\n<p style=\"margin: 0cm 0cm 8pt; text-align: justify;\"><span style=\"color:#000000;\"><span style=\"font-size:20px;\"><span style=\"font-family:Times New Roman,Times,serif;\"><span style=\"line-height:107%\"><span style=\"line-height:107%\">Đồng thời, Chin-Ning Chu là tác giả có nhiều cuốn sách bán chạy nhất ở châu Á và khu vực vành đai Thái Bình Dương. Bà nguyên là Chủ tịch Công ty Marketing châu Á và Viện Nghiên cứu Chiến lược, và là nhà chiến lược kinh doanh hàng đầu tại Mỹ.</span></span></span></span></span></p>\r\n\r\n<p style=\"margin: 0cm 0cm 8pt 320px; text-align: justify;\"><span style=\"color:#000000;\"><span style=\"font-size:20px;\"><span style=\"font-family:Times New Roman,Times,serif;\"><img alt=\"\" src=\"http://localhost/WebBanSach/uploads/images/tin2_1_1.jpg\" style=\"width: 450px; height: 450px;\" /></span></span></span></p>\r\n\r\n<p style=\"margin: 0cm 0cm 8pt; text-align: justify;\"><span style=\"color:#000000;\"><span style=\"font-size:20px;\"><span style=\"font-family:Times New Roman,Times,serif;\"><span style=\"line-height:107%\"><span style=\"line-height:107%\">Độc giả đã từng thưởng thức những triết lý sống đơn giản nhưng vô cùng sâu sắc của Chin-Ning Chu qua hai cuốn sách: Mặt dày tâm đen (cách phát huy những tính cách, tài năng độc đáo của bản thân để đạt được điều mình mong muốn) và Binh pháp Tôn tử dành cho phái đẹp (một tác phẩm sẽ hữu ích cho phụ nữ hiện đại, nhất là khi đối diện với tình huống khó khăn trong cuộc sống cũng như trong công việc).</span></span></span></span></span></p>\r\n\r\n<p style=\"margin: 0cm 0cm 8pt; text-align: justify;\"><strong><span style=\"color:#000000;\"><span style=\"font-size:20px;\"><span style=\"font-family:Times New Roman,Times,serif;\"><span style=\"line-height:107%\"><span style=\"line-height:107%\">1. Bí mật thứ nhất: Làm thế nào để quản lý thời gian?</span></span></span></span></span></strong></p>\r\n\r\n<p style=\"margin: 0cm 0cm 8pt; text-align: justify;\"><span style=\"color:#000000;\"><span style=\"font-size:20px;\"><span style=\"font-family:Times New Roman,Times,serif;\"><span style=\"line-height:107%\"><span style=\"line-height:107%\">Một trong những điều mà tôi thích trong cuốn sách là bí mật đầu tiên - Điều tiết hành động của bạn trong việc quản lý thời gian. Lời than vãn “không có thời gian” ta vẫn hay nghe thấy thường xuất phát từ việc một người đã để cho những người xung quanh cướp mất thì giờ của mình. </span></span></span></span></span></p>\r\n\r\n<p style=\"margin: 0cm 0cm 8pt; text-align: justify;\"><span style=\"color:#000000;\"><span style=\"font-size:20px;\"><span style=\"font-family:Times New Roman,Times,serif;\"><span style=\"line-height:107%\"><span style=\"line-height:107%\">Trong công việc, đồng nghiệp thường hay ghé ngang chỗ bạn để tán gẫu, những cuộc gọi điện thoại bất ngờ, khách khứa tiện thể ghé thăm. Dường như, những nguyên nhân không thể kiểm soát như thế đã cướp mất thì giờ của bạn và biến bạn thành nạn nhân.</span></span></span></span></span></p>\r\n\r\n<p style=\"margin: 0cm 0cm 8pt 200px; text-align: justify;\"><span style=\"color:#000000;\"><span style=\"font-size:20px;\"><span style=\"font-family:Times New Roman,Times,serif;\"><span style=\"line-height:107%\"><span style=\"line-height:107%\"><img alt=\"\" src=\"http://localhost/WebBanSach/uploads/images/tin2_1_2.jpg\" style=\"width: 621px; height: 450px;\" /></span></span></span></span></span></p>\r\n\r\n<p style=\"margin: 0cm 0cm 8pt; text-align: justify;\"><span style=\"color:#000000;\"><span style=\"font-size:20px;\"><span style=\"font-family:Times New Roman,Times,serif;\"><span style=\"line-height:107%\"><span style=\"line-height:107%\">Để hoàn toàn tập trung vào việc giải quyết những công việc và tránh rơi vào tình trạng bị người khác quấy rầy, bạn cần tinh tế điều chỉnh giọng điệu của mình để đối phương hiểu bản thân không muốn bị quấy rầy, hoặc bảo người ấy rút ngắn cuộc hội thoại lại và bạn sẽ trò chuyện lai sau vào lúc thích hợp hơn. </span></span></span></span></span></p>\r\n\r\n<p style=\"margin: 0cm 0cm 8pt; text-align: justify;\"><span style=\"color:#000000;\"><span style=\"font-size:20px;\"><span style=\"font-family:Times New Roman,Times,serif;\"><span style=\"line-height:107%\"><span style=\"line-height:107%\">Hoặc trước khi gọi điện thoại, bạn có thể viết ra những điểm chính và mục đích mà bạn muốn truyền đạt đến đối phương… Đó chỉ là một trong số nhiều thủ thuật nhỏ trong cách điều tiết thói quen sử dụng thời gian có chủ đích mà Làm ít được nhiều hướng đến.</span></span></span></span></span></p>\r\n\r\n<p style=\"margin: 0cm 0cm 8pt; text-align: justify;\"><strong><span style=\"color:#000000;\"><span style=\"font-size:20px;\"><span style=\"font-family:Times New Roman,Times,serif;\"><span style=\"line-height:107%\"><span style=\"line-height:107%\">2. Bí mật thứ hai: Làm sao để tâm lý thanh thản?</span></span></span></span></span></strong></p>\r\n\r\n<p style=\"margin: 0cm 0cm 8pt; text-align: justify;\"><span style=\"color:#000000;\"><span style=\"font-size:20px;\"><span style=\"font-family:Times New Roman,Times,serif;\"><span style=\"line-height:107%\"><span style=\"line-height:107%\">Ở phần bí mật thứ hai - Giữ tâm trí thanh thản, tác giả chia sẻ rằng, cuộc sống có quá nhiều nỗi lo toan, cơm, áo, gạo, tiền, giá trị thành công và hạnh phúc. Ngoài ra, chúng ta bị làm phiền không chỉ bởi quá khứ đau buồn mà còn bởi sự căng thẳng của hiện tại.</span></span></span></span></span></p>\r\n\r\n<p style=\"margin: 0cm 0cm 8pt 200px; text-align: justify;\"><img alt=\"\" src=\"http://localhost/WebBanSach/uploads/images/tin2_1_3.jpg\" style=\"width: 720px; height: 450px;\" /></p>\r\n\r\n<p style=\"margin: 0cm 0cm 8pt; text-align: justify;\"><span new=\"\" roman=\"\" style=\"font-family: \" times=\"\">Hãy lập ra một danh sách mô tả cuộc sống của bạn sẽ ra sao vào năm tới. Rồi làm một danh sách khác mô tả cuộc sống sẽ ra sao nếu bạn vẫn tiếp tục mọi việc như bình thường. So sánh hai danh sách với nhau. rồi tự hỏi, điều gì làm cho hai danh sách khác biệt nhau?</span></p>\r\n\r\n<p style=\"margin: 0cm 0cm 8pt; text-align: justify;\"><span style=\"color:#000000;\"><span style=\"font-size:20px;\"><span style=\"font-family:Times New Roman,Times,serif;\"><span style=\"line-height:107%\"><span style=\"line-height:107%\">Câu trả lời có thể liên quan đến nỗi sợ hãi. Chính bởi lo sợ chuốc lấy những hậu quả của những việc làm lầm lỡ, những quyết định sai trái, bạn hủy hoại sự tồn tài của bản thân và sự nghiệp. Thế nên, bạn đành chấp nhận gánh vác công việc và cuộc sống với tinh thần “vẫn làm việc như bình thường”. </span></span></span></span></span></p>\r\n\r\n<p style=\"margin: 0cm 0cm 8pt; text-align: justify;\"><strong><span style=\"color:#000000;\"><span style=\"font-size:20px;\"><span style=\"font-family:Times New Roman,Times,serif;\"><span style=\"line-height:107%\"><span style=\"line-height:107%\">3. Bí mật thứ ba: Kết nối với năng lực thần thánh</span></span></span></span></span></strong></p>\r\n\r\n<p style=\"margin: 0cm 0cm 8pt; text-align: justify;\"><span style=\"color:#000000;\"><span style=\"font-size:20px;\"><span style=\"font-family:Times New Roman,Times,serif;\"><span style=\"line-height:107%\"><span style=\"line-height:107%\">Từ những gợi ý trên, một thắc mắc được đặt ra, “làm sao để chúng ta biết khi nào phải dũng cảm hành động và khi nào chúng ta dừng lại để thiền định - giữ tâm trí bình an? Câu trả lời: Thiền định rèn luyện bạn ở yên trong hiện tại, giúp bạn sống và làm việc hiệu quả hơn</span></span></span></span></span></p>\r\n\r\n<p style=\"margin: 0cm 0cm 8pt 240px; text-align: justify;\"><img alt=\"\" src=\"http://localhost/WebBanSach/uploads/images/tin2_1_4.jpg\" style=\"width: 600px; height: 450px;\" /></p>\r\n\r\n<p style=\"margin: 0cm 0cm 8pt; text-align: justify;\"><span style=\"color:#000000;\"><span style=\"font-size:20px;\"><span style=\"font-family:Times New Roman,Times,serif;\"><span style=\"line-height:107%\"><span style=\"line-height:107%\">Trong cuốn sách Làm ít được nhiều, tác giả Chin-Ning Chua nhà chiến lược toàn cầu giàu kinh nghiệm, sẽ cho chúng ta một cái nhìn toàn diện về con người, và khả năng tiềm ẩn trong chúng ta chưa được khai thác thấu triệt để đạt kết quả: Làm ít nhưng được nhiều.</span></span></span></span></span></p>\r\n', 2, 'tin2.1.jpg'),
(9, '100 cách sống hạnh phúc: Xây dựng sức mạnh nội tại từ những việc đơn giản nhất', '“Hạnh phúc cần năng lượng và mất nước dẫn đến hôn mê. Vì vậy, chỉ cần chí ít một phần nào đó, hiển nhiên, hạnh phúc cũng đòi hỏi đủ nước…”, đó là lời chia sẻ của Dr. Timothy J.Sharp, trong quyển sách “100 cách sống hạnh phúc”.', '<p style=\"margin: 0cm 0cm 8pt; text-align: justify;\"><strong><span style=\"font-size:20px;\"><span style=\"font-family:Times New Roman,Times,serif;\"><span style=\"color:#000000;\"><span style=\"line-height:107%\"><span style=\"line-height:107%\">Vì sao bạn phải uống nước?</span></span></span></span></span></strong></p>\r\n\r\n<p style=\"margin: 0cm 0cm 8pt; text-align: justify;\"><span style=\"font-family: &quot;Times New Roman&quot;, Times, serif; font-size: 20px;\">Nước là “thần dược” giúp duy trì sức khỏe và vẻ đẹp. Nước chiếm 60% cơ thể. Nước chiếm trên 70% tổng khối lượng các cơ quan như não, tim, phổi, thận, 65% khối lượng da, và ngay cả xương cũng có khoảng 30% là nước.</span></p>\r\n\r\n<p style=\"margin: 0cm 0cm 8pt 200px; text-align: justify;\"><span style=\"font-size:20px;\"><span style=\"font-family:Times New Roman,Times,serif;\"><span style=\"color:#000000;\"><img alt=\"\" src=\"http://localhost/WebBanSach/uploads/images/tin2_2_1.jpg\" style=\"width: 650px; height: 450px;\" /></span></span></span></p>\r\n\r\n<p style=\"margin: 0cm 0cm 8pt; text-align: justify;\"><span style=\"font-size:20px;\"><span style=\"font-family:Times New Roman,Times,serif;\"><span style=\"color:#000000;\"><span style=\"line-height:107%\"><span style=\"line-height:107%\">Ở cấp độ tế bào, nước giúp vận chuyển khí oxi, chất dinh dưỡng và duy trì cân bằng ion, đóng vai trò như dung môi của các phản ứng sinh hóa của tế bào. Ở cấp độ cơ thể, nước hỗ trợ tiêu hóa, đào thải các chất cặn và vi khuẩn khỏi bàng quang, bảo vệ cơ quan và mô bằng cách cung cấp độ ẩm cho lớp màng nhầy, duy trì huyết áp, điều hòa thân nhiệt, làm chất bôi trơn cho khớp cũng như làm đệm cho hệ thần kinh và não.</span></span></span></span></span></p>\r\n\r\n<p style=\"margin: 0cm 0cm 8pt; text-align: justify;\"><strong><span style=\"font-size:20px;\"><span style=\"font-family:Times New Roman,Times,serif;\"><span style=\"color:#000000;\"><span style=\"line-height:107%\"><span style=\"line-height:107%\">Uống đủ nước giúp chúng ta hạnh phúc</span></span></span></span></span></strong></p>\r\n\r\n<p style=\"margin: 0cm 0cm 8pt; text-align: justify;\"><span style=\"font-size:20px;\"><span style=\"font-family:Times New Roman,Times,serif;\"><span style=\"color:#000000;\"><span style=\"line-height:107%\"><span style=\"line-height:107%\">Mặc dù vẫn còn một số tranh cãi về lượng nước cần uống mỗi ngày, các cơ quan y tế thường khuyên chúng ta uống khoảng 8 đến 14 ly nước mỗi ngày. Tùy vào khối lượng bài tập thể dục, khí hậu mà bạn sinh sống, tuổi tác và tình trạng sức khỏe mà lượng nước chính xác nạp vào cơ thể khác nhau. Tuy nhiên, tất cả chúng ta nên uống tối thiểu 8 ly nước mỗi ngày và nói một cách đơn giản là hãy nhớ cứ hơn 1 giờ uống khoảng 1 ly nước.</span></span></span></span></span></p>\r\n\r\n<p style=\"margin: 0cm 0cm 8pt; text-align: justify;\"><strong><span style=\"font-size:20px;\"><span style=\"font-family:Times New Roman,Times,serif;\"><span style=\"color:#000000;\"><span style=\"line-height:107%\"><span style=\"line-height:107%\">Ngoài uống đủ nước, còn cách nào để hạnh phúc?</span></span></span></span></span></strong></p>\r\n\r\n<p style=\"margin: 0cm 0cm 8pt; text-align: justify;\"><span style=\"font-size:20px;\"><span style=\"font-family:Times New Roman,Times,serif;\"><span style=\"color:#000000;\"><span style=\"line-height:107%\"><span style=\"line-height:107%\">Hạnh phúc thật ra rất dễ dàng và đơn giản, đến từ những việc làm nhỏ hằng ngày như uống nước. Ngoài uống nước, bạn còn đến 99 cách khác có thể áp dụng ngay và luôn để hạnh phúc, như: Tập thể dục để nâng cao tinh thần, ăn vặt lành mạnh, giãn cơ, lắng nghe cơ thể, ngủ đủ giấc…</span></span></span></span></span></p>\r\n\r\n<p style=\"margin: 0cm 0cm 8pt; text-align: justify;\"><span style=\"font-size:20px;\"><span style=\"font-family:Times New Roman,Times,serif;\"><span style=\"color:#000000;\"><span style=\"line-height:107%\"><span style=\"line-height:107%\">100 cách sống hạnh phúc là cuộc hành trình xoay quanh hạnh phúc hay sự mãn nguyện chủ quan, từ đó, tác giả nhìn nhận các khái niệm này dưới nhiều góc độ: Từ lý tính như khoa học não bộ cho đến cảm xúc tinh thần trong các mối quan hệ… Đây là cuốn sách giúp bạn xây dựng niềm vui từ trong nội tại.</span></span></span></span></span></p>\r\n', 2, 'tin2.2.jpg'),
(10, 'Hai quyển sách kỹ năng sống dành tặng phái đẹp', 'Phái đẹp đều mong muốn mình có được cuộc sống hạnh phúc nhất. Thế nhưng, thực tế có bao nhiêu người đạt được như ý nguyện? Bạn khoan nói rằng họ may mắn, thực ra đôi khi họ không tài giỏi và xinh đẹp hơn bạn đâu? Mà bởi vì, họ có trang bị cho mình những kỹ năng sống thực sự hữu ích để dễ dàng chạm tới những ước mơ ấy.  Vậy nó bao gồm những kỹ năng gì? ', '<p style=\"margin: 0cm 0cm 8pt; text-align: justify;\"><span style=\"color:#000000;\"><span style=\"font-size:20px;\"><span style=\"font-family:Times New Roman,Times,serif;\"><span style=\"line-height:107%\"><span style=\"line-height:107%\">Hai quyển sách về kỹ năng sống: Sự trỗi dậy của phái đẹp (Sally Helgesen và Marshall Goldsmith) và Binh pháp Tôn tử dành cho phái đẹp (Chin-ning Chu) dành riêng cho phụ nữ sẽ bật mí cho bạn những tips kỹ năng để ứng biến hiệu quả trong công việc lẫn cuộc sống hiện đại!</span></span></span></span></span></p>\r\n\r\n<p style=\"margin: 0cm 0cm 8pt; text-align: justify;\"><strong><span style=\"color:#000000;\"><span style=\"font-size:20px;\"><span style=\"font-family:Times New Roman,Times,serif;\"><span style=\"line-height:107%\"><span style=\"line-height:107%\">Sách về kỹ năng sống quan trọng trong cuộc sống chúng ta</span></span></span></span></span></strong></p>\r\n\r\n<p style=\"margin: 0cm 0cm 8pt; text-align: justify;\"><span style=\"color:#000000;\"><span style=\"font-size:20px;\"><span style=\"font-family:Times New Roman,Times,serif;\"><span style=\"line-height:107%\"><span style=\"line-height:107%\">Chính vì nguyên do trên mà những cuốn sách về kỹ năng sống đã xuất hiện. Sách về vấn đề này dành cho tất cả mọi người đặc biệt là phái đẹp. Họ vốn mong manh, yếu đuối. Họ cần trang bị những kỹ năng sống này để có thể sống tốt đẹp và hạnh phúc hơn.</span></span></span></span></span></p>\r\n\r\n<p style=\"margin: 0cm 0cm 8pt; text-align: justify;\"><strong><span style=\"color:#000000;\"><span style=\"font-size:20px;\"><span style=\"font-family:Times New Roman,Times,serif;\"><span style=\"line-height:107%\"><span style=\"line-height:107%\">Kỹ năng sống trong Binh pháp Tôn tử dành cho phái đẹp (Chin-Ning Chu)</span></span></span></span></span></strong></p>\r\n\r\n<p style=\"margin: 0cm 0cm 8pt; text-align: justify;\"><span style=\"color:#000000;\"><span style=\"font-size:20px;\"><span style=\"font-family:Times New Roman,Times,serif;\"><span style=\"line-height:107%\"><span style=\"line-height:107%\">Binh pháp Tôn tử dành cho phái đẹp - Cuốn sách về kỹ năng sống dành cho phái đẹp của Chin-Ning Chu. Nội dung của sách là những câu chuyện và lời tâm tình của tác giả xoay quanh những cách làm cho phụ nữ trở nên thành công, hạnh phúc mà tránh những thương tổn, đối đầu không cần thiết.</span></span></span></span></span></p>\r\n\r\n<p style=\"margin: 0cm 0cm 8pt; text-align: justify;\"><span style=\"color:#000000;\"><span style=\"font-size:20px;\"><span style=\"font-family:Times New Roman,Times,serif;\"><span style=\"line-height:107%\"><span style=\"line-height:107%\">Điểm cộng là sách dựa vào những chiến thuật của Tôn Tử. Một quân sư tài ba của Trung Hoa cuối thời Xuân Thu. Tuy nhiên, với sự nhìn nhận của mình, tác giả dựa vào nó và cải biến cho phù hợp với phái nữ hiện nay.</span></span></span></span></span></p>\r\n\r\n<p style=\"margin: 0cm 0cm 8pt; text-align: justify;\"><span style=\"color:#000000;\"><span style=\"font-size:20px;\"><span style=\"font-family:Times New Roman,Times,serif;\"><span style=\"line-height:107%\"><span style=\"line-height:107%\">Binh pháp Tôn Tử dành cho phái đẹp giúp những bóng hồng nhận ra tám điểm mới về mình như phụ nữ sáng tạo ra cái đẹp, phụ nữ không đầu hàng, phụ nữ là người bảo vệ mẹ Trái Đất… Để từ tám điểm mới ấy, phái đẹp trở nên tự tin vào chính mình hơn.</span></span></span></span></span></p>\r\n\r\n<p style=\"margin: 0cm 0cm 8pt 200px; text-align: justify;\"><span style=\"color:#000000;\"><span style=\"font-size:20px;\"><span style=\"font-family:Times New Roman,Times,serif;\"><span style=\"line-height:107%\"><span style=\"line-height:107%\"><img alt=\"\" src=\"http://localhost/WebBanSach/uploads/images/tin2_3_1.jpg\" style=\"width: 761px; height: 450px;\" /></span></span></span></span></span></p>\r\n\r\n<p style=\"margin: 0cm 0cm 8pt; text-align: justify;\"><span style=\"font-size:20px;\"><span style=\"font-family:Times New Roman,Times,serif;\"><span style=\"color:#000000;\"><strong><span style=\"line-height:107%\"><span style=\"line-height:107%\">Kỹ năng sống trong Sự trỗi dậy của phái đẹp (Sally Helgesen và Marshall Goldsmith)</span></span></strong></span></span></span></p>\r\n\r\n<p style=\"margin: 0cm 0cm 8pt; text-align: justify;\"><span style=\"font-size:20px;\"><span style=\"font-family:Times New Roman,Times,serif;\"><span style=\"color:#000000;\"><span style=\"line-height:107%\"><span style=\"line-height:107%\">Trong Sự trỗi dậy của phái đẹp, tác giả chỉ cho ta cách để nhìn nhận vấn đề theo hướng tích cực&nbsp; khi gặp thất bại. Cả hai tác giả khuyên ta không nên&nbsp; đổ lỗi cho người khác mà hãy dành thời gian nhìn nhận lại chính mình. Và từ đó, tự thân tìm cách giải quyết phù hợp nhất. Đây là một kỹ năng sống tuy đơn giản nhưng rất khó để thực hành.</span></span></span></span></span></p>\r\n\r\n<p style=\"margin: 0cm 0cm 8pt; text-align: justify;\"><span style=\"font-size:20px;\"><span style=\"font-family:Times New Roman,Times,serif;\"><span style=\"color:#000000;\"><span new=\"\" roman=\"\" times=\"\">Đồng thời, họ cung cấp cho ta những cách để gạt bỏ 12 thói quen tai hại, ăn sâu vào nếp nghĩ của phái đẹp như ngại nhận thành tích bản thân, cố làm hài lòng người khác, thái quá vấn đề… Những thói quen này là những vật cản chắn bước đường thành công của những bóng hồng.</span></span></span></span></p>\r\n\r\n<p style=\"margin: 0cm 0cm 8pt 200px; text-align: justify;\"><span new=\"\" roman=\"\" style=\"font-family: \" times=\"\"><img alt=\"\" src=\"http://localhost/WebBanSach/uploads/images/tin2_3_2.jpg\" style=\"width: 742px; height: 450px;\" /></span></p>\r\n\r\n<p style=\"margin: 0cm 0cm 8pt; text-align: justify;\"><span style=\"color:#000000;\"><span style=\"font-size:20px;\"><span style=\"font-family:Times New Roman,Times,serif;\"><span style=\"line-height:107%\"><span style=\"line-height:107%\">Hai quyển sách về kỹ năng sống ở trên sẽ là một trong những cuốn cẩm nang cần thiết cho phái đẹp. Bởi sách giúp cho họ trang bị, bổ sung những kiến thức về kỹ năng sống cho chính mình. Để từ đó, phái đẹp dễ dàng gặt hái thành công trong đời sống tình cảm lẫn công việc. </span></span></span></span></span></p>\r\n', 2, 'tin2.3.png'),
(11, 'Phát hành sách trực tuyến tăng trưởng mạnh', 'Hơn một năm qua, dịch bệnh Covid-19 đã có những tác động lớn tới ngành sách. Lĩnh vực phát hành có sự thay đổi giữa bán sách trực tiếp và phát hành sách trực tuyến.\r\n\r\n', '<p style=\"margin: 0cm 0cm 8pt; text-align: justify;\"><span style=\"color:#000000;\"><span style=\"font-size:20px;\"><span style=\"font-family:Times New Roman,Times,serif;\">Dịch bệnh đặt ra rất nhiều khó khăn và thách thức với các nhà sách thực địa. Mọi người hạn chế tiếp xúc khiến việc mua sách trực tiếp giảm. Khi địa phương, khu vực có yêu cầu giãn cách xã hội, nhà sách trong khu vực đó cũng phải tạm ngưng hoạt động.</span></span></span></p>\r\n\r\n<p style=\"margin: 0cm 0cm 8pt; text-align: justify;\"><span style=\"color:#000000;\"><span style=\"font-size:20px;\"><span style=\"font-family:Times New Roman,Times,serif;\"><span style=\"line-height:107%\"><span style=\"line-height:107%\">“Đến nay, dịch bệnh kéo dài hơn một năm, một số người bắt đầu lo lắng, tình hình tài chính chung không được thoải mái như mùa dịch năm ngoái nữa. Do vậy, người ta quan tâm đến mặt hàng thiết yếu. Việc phát hành sách trở nên khó khăn hơn”, ông Minh nói.</span></span></span></span></span></p>\r\n\r\n<p style=\"margin: 0cm 0cm 8pt; text-align: justify;\"><span style=\"color:#000000;\"><span style=\"font-size:20px;\"><span style=\"font-family:Times New Roman,Times,serif;\"><span style=\"line-height:107%\"><span style=\"line-height:107%\">Bà Trần Nhật Hoàng Phương - Trưởng phòng Marketing, Công ty Phương Nam - cho biết sự thay đổi về nhu cầu của khách hàng, sự khan hiếm nguyên vật liệu trọng yếu như giấy dẫn đến giá hàng hóa tăng mạnh; vận chuyển quốc tế chưa hoàn toàn lưu thông... Đó là những nguyên nhân khiến ngành sách gặp khó.</span></span></span></span></span></p>\r\n\r\n<p style=\"margin: 0cm 0cm 8pt; text-align: justify;\"><span style=\"color:#000000;\"><span style=\"font-size:20px;\"><span style=\"font-family:Times New Roman,Times,serif;\"><span style=\"line-height:107%\"><span style=\"line-height:107%\">Trái ngược với hiệu sách thực địa, các đơn vị bán sách online đạt tăng trưởng trong đại dịch. Thương mại điện tử vốn phát triển trong những năm qua, từ khi có dịch bệnh, mọi người có xu hướng mua sắm trực tuyến nhiều hơn. Ngành sách không phải ngoại lệ.</span></span></span></span></span></p>\r\n\r\n<p style=\"margin: 0cm 0cm 8pt; text-align: justify;\"><span style=\"color:#000000;\"><span style=\"font-size:20px;\"><span style=\"font-family:Times New Roman,Times,serif;\"><span style=\"line-height:107%\"><span style=\"line-height:107%\">Ông Đỗ Huy Quốc - Trưởng ngành hàng sách tại Tiki - cho biết trong các năm vừa qua, ngành sách của trang thương mại điện tử này đều đạt được mục tiêu tăng trưởng ổn định. Quý I năm nay, ngành sách của Tiki tăng trưởng gấp hai lần so với quý IV năm 2020, vốn là mùa mua sắm cuối năm sôi động.</span></span></span></span></span></p>\r\n\r\n<p style=\"margin: 0cm 0cm 8pt 200px; text-align: justify;\"><span style=\"color:#000000;\"><span style=\"font-size:20px;\"><span style=\"font-family:Times New Roman,Times,serif;\"><span style=\"line-height:107%\"><span style=\"line-height:107%\"><img alt=\"\" src=\"http://localhost/WebBanSach/uploads/images/tin1_2_1.jpg\" style=\"width: 675px; height: 450px;\" /></span></span></span></span></span></p>\r\n\r\n<p style=\"margin: 0cm 0cm 8pt; text-align: justify;\"><span style=\"color:#000000;\"><span style=\"font-size:20px;\"><span style=\"font-family:Times New Roman,Times,serif;\"><span style=\"line-height:107%\"><span style=\"line-height:107%\">Trước tình hình dịch Covid-19 đang có diễn biến phức tạp, nhiều công ty phát hành sách, doanh nghiệp lựa chọn đẩy mạnh phân phối qua những kênh online. Đây là cơ hội thúc đẩy ngành sách trên các sàn thương mại điện tử.</span></span></span></span></span></p>\r\n\r\n<p style=\"margin: 0cm 0cm 8pt; text-align: justify;\"><span style=\"color:#000000;\"><span style=\"font-size:20px;\"><span style=\"font-family:Times New Roman,Times,serif;\"><span style=\"line-height:107%\"><span style=\"line-height:107%\">Nhiều đơn vị, cá nhân đã tài trợ vận chuyển, tài trợ trực tiếp trên từng cuốn sách cho độc giả như: Tổng công ty Bưu điện Việt Nam VNPost, Công ty cổ phần dược phẩm Thái Minh Thương hiệu tư vấn quản lý Vitranet24, Tập đoàn Bảo Việt, Công ty cổ phần thương mại dịch vụ GNC, Công ty cổ phần phát triển giải pháp giáo dục ViVi Education, Quỹ từ thiện Ngân Hà Hải Phòng, các nhà mạng Viettel, VinaPhone, MobiFone</span></span></span></span></span></p>\r\n', 3, 'tin1.2.jpg'),
(12, 'Giới xuất bản bất ngờ với lượng sách bán trên BH Bookstore.', 'Các NXB, công ty phát hành cho biết lượng người mua tăng cao, Hội sách trực tuyến quốc gia đang có bước đi đúng, đáp ứng nhu cầu người mua và người làm sách.', '<p style=\"margin: 0cm 0cm 8pt; text-align: justify;\"><span style=\"color:#000000;\"><span style=\"font-size:20px;\"><span style=\"font-family:Times New Roman,Times,serif;\"><span style=\"line-height:107%\"><span style=\"line-height:107%\">Hội sách trực tuyến quốc gia lần thứ 2 đang diễn ra những ngày cuối trên sàn BH Bookstorevới nhiều hoạt động sôi nổi. Nếu năm 2020, hội sách được thực hiện trong tình thế giãn cách vì dịch, thì năm nay, chương trình đã có một bước tập dượt để giới xuất bản có thể làm quen hơn với chuyển đổi số.</span></span></span></span></span></p>\r\n\r\n<p style=\"margin: 0cm 0cm 8pt; text-align: justify;\"><span style=\"color:#000000;\"><span style=\"font-size:20px;\"><span style=\"font-family:Times New Roman,Times,serif;\"><strong><span new=\"\" roman=\"\" times=\"\">Lượng sách bán tăng</span></strong></span></span></span></p>\r\n\r\n<p style=\"margin: 0cm 0cm 8pt; text-align: justify;\"><span style=\"color:#000000;\"><span style=\"font-size:20px;\"><span style=\"font-family:Times New Roman,Times,serif;\"><span style=\"line-height:107%\"><span style=\"line-height:107%\">Năm ngoái, Hội sách trực tuyến quốc gia ghi nhận lượng sách lý luận chính trị, sách lịch sử được lượng lớn bạn đọc quan tâm. Năm nay, ưu thế này tiếp tục được phát huy. Tham gia hội sách, NXB Chính trị quốc gia Sự thật - đơn vị xuất bản sách lý luận chính trị lớn nhất cả nước - không đặt nặng vấn đề lợi nhuận mà mong muốn qua sự kiện này, cùng các các đơn vị tham gia sẽ góp phần lan tỏa hơn nữa văn hóa đọc. Nhà xuất bản đã nhận được nhiều đơn đặt hàng, phản hồi tốt từ độc giả.</span></span></span></span></span></p>\r\n\r\n<p style=\"margin: 0cm 0cm 8pt; text-align: justify;\"><span style=\"color:#000000;\"><span style=\"font-size:20px;\"><span style=\"font-family:Times New Roman,Times,serif;\"><span style=\"line-height:107%\"><span style=\"line-height:107%\">Hội sách diễn ra trên sàn book365.vn của NXB Thông tin và Truyền thông. Ông Đàm Quốc Cường - đại diện NXB Thông tin và Truyền thông - cho biết lượng sách bán trong thời gian có hội sách lớn hơn nhiều so với ngày thường.</span></span></span></span></span></p>\r\n\r\n<p style=\"margin: 0cm 0cm 8pt; text-align: justify;\"><span style=\"color:#000000;\"><span style=\"font-size:20px;\"><span style=\"font-family:Times New Roman,Times,serif;\"><span style=\"line-height:107%\"><span style=\"line-height:107%\">“Hội sách là thời điểm mà ban tổ chức tập trung thực hiện nhiều biện pháp nhằm khuyến khích bạn đọc đến với sách vở. Nhiều hoạt động về văn hóa đọc được thực hiện song song với các chương trình thúc đẩy bán hàng. Bản thân các gian hàng cũng tự chiết khấu, khuyến mãi. Đó là một phần tạo nên sức hút cho hội sách”, đại diện NXB Thông tin và Truyền thông lý giải sức hút của hội sách.</span></span></span></span></span></p>\r\n\r\n<p style=\"margin: 0cm 0cm 8pt 200px; text-align: justify;\"><span style=\"color:#000000;\"><span style=\"font-size:20px;\"><span style=\"font-family:Times New Roman,Times,serif;\"><span style=\"line-height:107%\"><span style=\"line-height:107%\"><img alt=\"\" src=\"http://localhost/WebBanSach/uploads/images/tin1_3_1.jpg\" style=\"width: 660px; height: 440px;\" /></span></span></span></span></span></p>\r\n\r\n<p style=\"margin: 0cm 0cm 8pt; text-align: justify;\"><strong><span style=\"color:#000000;\"><span style=\"font-size:20px;\"><span style=\"font-family:Times New Roman,Times,serif;\"><span style=\"line-height:107%\"><span style=\"line-height:107%\">Sàn thương mại với sách là cốt lõi</span></span></span></span></span></strong></p>\r\n\r\n<p style=\"margin: 0cm 0cm 8pt; text-align: justify;\"><span style=\"color:#000000;\"><span style=\"font-size:20px;\"><span style=\"font-family:Times New Roman,Times,serif;\"><span style=\"line-height:107%\"><span style=\"line-height:107%\">Có được kết quả khả quan như vậy là nhờ Hội sách trực tuyến quốc gia đã tạo ra được những điểm khác biệt. Về khách quan, trong điều kiện dịch bệnh Covid-19 vẫn diễn biến khó lường, công chúng hạn chế tiếp xúc, vì vậy kênh thương mại điện tử được cho là phù hợp.</span></span></span></span></span></p>\r\n\r\n<p style=\"margin: 0cm 0cm 8pt; text-align: justify;\"><span style=\"color:#000000;\"><span style=\"font-size:20px;\"><span style=\"font-family:Times New Roman,Times,serif;\"><span style=\"line-height:107%\"><span style=\"line-height:107%\">Mặt khác, hội sách đã chủ động thực hiện nhiều chương trình hấp dẫn, lấy quyền lợi bạn đọc làm trọng tâm. Giới xuất bản đã đánh giá tích cực về ý nghĩa của hội sách.</span></span></span></span></span></p>\r\n\r\n<p style=\"margin: 0cm 0cm 8pt; text-align: justify;\"><span style=\"color:#000000;\"><span style=\"font-size:20px;\"><span style=\"font-family:Times New Roman,Times,serif;\"><span style=\"line-height:107%\"><span style=\"line-height:107%\">Ông Hoàng Mạnh Thắng - Giám đốc Trung tâm Thông tin và Nghiên cứu khoa học, NXB Chính trị quốc gia Sự thật - nói trước những thách thức của đại dịch hiện nay, việc tổ chức hội sách trực tuyến “mở ra những cơ hội chưa từng có cho những người làm xuất bản, từ phía các cơ quan quản lý, các đơn vị kinh doanh, xuất bản sách cho đến độc giả”.</span></span></span></span></span></p>\r\n', 3, 'tin1.3.jpg');

-- --------------------------------------------------------

--
-- Table structure for table `tbl_category`
--

CREATE TABLE `tbl_category` (
  `category_id` int(11) NOT NULL,
  `category_name` varchar(100) CHARACTER SET utf8 NOT NULL
) ENGINE=InnoDB DEFAULT CHARSET=utf8mb4;

--
-- Dumping data for table `tbl_category`
--

INSERT INTO `tbl_category` (`category_id`, `category_name`) VALUES
(1, 'Dụng Cụ Học Tập'),
(2, 'Kinh Tế'),
(3, 'Thiếu Nhi'),
(4, 'Học Ngoại Ngữ'),
(5, 'Văn Học'),
(6, 'Tâm Lý - Kỹ Năng Sống');

-- --------------------------------------------------------

--
-- Table structure for table `tbl_danhmuc_tin`
--

CREATE TABLE `tbl_danhmuc_tin` (
  `danhmuctin_id` int(11) NOT NULL,
  `tendanhmuc` varchar(150) CHARACTER SET utf8 NOT NULL
) ENGINE=InnoDB DEFAULT CHARSET=utf8mb4;

--
-- Dumping data for table `tbl_danhmuc_tin`
--

INSERT INTO `tbl_danhmuc_tin` (`danhmuctin_id`, `tendanhmuc`) VALUES
(2, 'Những \"Mẹo\" Hay '),
(3, 'Theo Dòng Sự Kiện');

-- --------------------------------------------------------

--
-- Table structure for table `tbl_donhang`
--

CREATE TABLE `tbl_donhang` (
  `donhang_id` int(11) NOT NULL,
  `sanpham_id` int(11) NOT NULL,
  `soluong` int(11) NOT NULL,
  `magiaodich` varchar(50) CHARACTER SET utf8 NOT NULL,
  `khachhang_id` int(11) NOT NULL,
  `ngaythang` timestamp NOT NULL DEFAULT current_timestamp() ON UPDATE current_timestamp(),
  `tongtien` int(11) NOT NULL,
  `tinhtrang` int(11) NOT NULL,
  `huydon` int(11) NOT NULL DEFAULT 0
) ENGINE=InnoDB DEFAULT CHARSET=utf8mb4;

--
-- Dumping data for table `tbl_donhang`
--

INSERT INTO `tbl_donhang` (`donhang_id`, `sanpham_id`, `soluong`, `magiaodich`, `khachhang_id`, `ngaythang`, `tongtien`, `tinhtrang`, `huydon`) VALUES
(20, 57, 2, '400', 15, '2022-11-28 19:55:25', 0, 0, 0),
(21, 55, 1, '7750', 15, '2022-11-28 20:03:16', 0, 0, 0),
(22, 66, 2, '3367', 15, '2022-11-28 20:03:30', 0, 0, 0),
(23, 65, 2, '9276', 15, '2022-11-28 20:08:57', 0, 0, 0),
(24, 63, 1, '4149', 15, '2022-11-28 20:10:35', 0, 0, 0),
(25, 58, 2, '8213', 15, '2022-11-28 20:25:45', 0, 0, 0);

-- --------------------------------------------------------

--
-- Table structure for table `tbl_giohang`
--

CREATE TABLE `tbl_giohang` (
  `giohang_id` int(11) NOT NULL,
  `tensanpham` varchar(100) CHARACTER SET utf8 NOT NULL,
  `sanpham_id` int(11) NOT NULL,
  `giasanpham` varchar(50) CHARACTER SET utf8 NOT NULL,
  `hinhanh` varchar(50) CHARACTER SET utf8 NOT NULL,
  `soluong` int(11) NOT NULL
) ENGINE=InnoDB DEFAULT CHARSET=utf8mb4;

-- --------------------------------------------------------

--
-- Table structure for table `tbl_khachhang`
--

CREATE TABLE `tbl_khachhang` (
  `khachhang_id` int(11) NOT NULL,
  `name` varchar(150) CHARACTER SET utf8 NOT NULL,
  `phone` varchar(50) CHARACTER SET utf8 NOT NULL,
  `address` varchar(200) CHARACTER SET utf8 NOT NULL,
  `note` text CHARACTER SET utf8 NOT NULL,
  `email` varchar(150) CHARACTER SET utf8 NOT NULL,
  `password` varchar(100) CHARACTER SET utf8 NOT NULL
) ENGINE=InnoDB DEFAULT CHARSET=utf8mb4;

--
-- Dumping data for table `tbl_khachhang`
--

INSERT INTO `tbl_khachhang` (`khachhang_id`, `name`, `phone`, `address`, `note`, `email`, `password`) VALUES
(15, 'Huỳnh Lê Cạp', '0987654321', 'Ninh Kiều, Cần Thơ', '', 'haohuynh9101@gmail.com', '202cb962ac59075b964b07152d234b70'),
(17, 'Huỳnh Anh Hào', '0987654321', 'Cần Thơ', 'hh', 'haohuynh9101@gmail.com', '202cb962ac59075b964b07152d234b70');

-- --------------------------------------------------------

--
-- Table structure for table `tbl_lienhe`
--

CREATE TABLE `tbl_lienhe` (
  `lienhe_id` int(11) NOT NULL,
  `lienhe_name` varchar(100) CHARACTER SET utf8 NOT NULL,
  `lienhe_email` varchar(100) CHARACTER SET utf8 NOT NULL,
  `lienhe_noidung` text CHARACTER SET utf8 NOT NULL,
  `lienhe_ngaythang` timestamp NOT NULL DEFAULT current_timestamp() ON UPDATE current_timestamp()
) ENGINE=InnoDB DEFAULT CHARSET=utf8mb4;

--
-- Dumping data for table `tbl_lienhe`
--

INSERT INTO `tbl_lienhe` (`lienhe_id`, `lienhe_name`, `lienhe_email`, `lienhe_noidung`, `lienhe_ngaythang`) VALUES
(8, 'Huỳnh Lê Cạp', 'cap@gmail.com', 'aaaaaaaaaaaaaaaaaaaaaaaaaaaaaâ', '2022-11-28 20:14:27');

-- --------------------------------------------------------

--
-- Table structure for table `tbl_sanpham`
--

CREATE TABLE `tbl_sanpham` (
  `sanpham_id` int(11) NOT NULL,
  `category_id` int(11) NOT NULL,
  `sanpham_name` varchar(255) CHARACTER SET utf8 NOT NULL,
  `sanpham_chitiet` text CHARACTER SET utf8 NOT NULL,
  `sanpham_mota` text CHARACTER SET utf8 NOT NULL,
  `sanpham_gia` varchar(100) CHARACTER SET utf8 DEFAULT NULL,
  `sanpham_giakhuyenmai` varchar(100) CHARACTER SET utf8 NOT NULL,
  `sanpham_hot` int(11) NOT NULL,
  `sanpham_soluong` int(11) NOT NULL,
  `sanpham_image` varchar(50) CHARACTER SET utf8 NOT NULL
) ENGINE=InnoDB DEFAULT CHARSET=utf8mb4;

--
-- Dumping data for table `tbl_sanpham`
--

INSERT INTO `tbl_sanpham` (`sanpham_id`, `category_id`, `sanpham_name`, `sanpham_chitiet`, `sanpham_mota`, `sanpham_gia`, `sanpham_giakhuyenmai`, `sanpham_hot`, `sanpham_soluong`, `sanpham_image`) VALUES
(55, 2, 'Thấu Hiểu Con Người', '<p style=\"text-align: justify;\"><span style=\"font-size:20px;\"><span style=\"font-family:Times New Roman,Times,serif;\"><strong>&nbsp;Thông Tin Chi Tiết</strong></span></span></p>\r\n\r\n<p style=\"text-align: justify;\"><span style=\"font-size:20px;\"><span style=\"font-family:Times New Roman,Times,serif;\">- LOẠI SẢN PHẨM: Bìa mềm </span></span></p>\r\n\r\n<p style=\"text-align: justify;\"><span style=\"font-size:20px;\"><span style=\"font-family:Times New Roman,Times,serif;\">- KÍCH THƯỚC: 15 x 23 cm </span></span></p>\r\n\r\n<p style=\"text-align: justify;\"><span style=\"font-size:20px;\"><span style=\"font-family:Times New Roman,Times,serif;\">- SỐ TRANG: 276 TÁC GIẢ: Nate Regier</span></span></p>\r\n\r\n<p style=\"text-align: justify;\"><span style=\"font-size:20px;\"><span style=\"font-family:Times New Roman,Times,serif;\">- DỊCH GIẢ: Hoàng Thảo Ly </span></span></p>\r\n\r\n<p style=\"text-align: justify;\"><span style=\"font-size:20px;\"><span style=\"font-family:Times New Roman,Times,serif;\">- NHÀ XUẤT BẢN: NXB Tổng Hợp TP. HCM</span></span></p>\r\n', '<p style=\"text-align: justify;\"><span style=\"font-size:20px;\"><span style=\"font-family:Times New Roman,Times,serif;\">&nbsp; &nbsp; &nbsp;NASA, Coca-cola, IBM, Microsoft, Audi, Hewlett Packard, Xưởng Phim Hoạt Hình Pixar, và nguyên Tổng Thống Mỹ Bill Clinton là những khách hàng tiêu biểu của “Mô hình Quy trình Giao tiếp / Process Communication Model” (PCM). Mô hình này được giảng dạy bởi hơn 3.800 nhà đào tạo và huấn luyện ở 51 quốc gia và trên 20 thứ tiếng trên toàn thế giới. </span></span></p>\r\n\r\n<p style=\"text-align: justify;\"><span style=\"font-size:20px;\"><span style=\"font-family:Times New Roman,Times,serif;\">&nbsp; &nbsp; &nbsp;Kĩ năng lãnh đạo trong thế giới ngày nay không còn là sự chỉ huy, kiểm soát hay ra lệnh từ cao xuống thấp mà là sự thấu hiểu, đồng cảm và hỗ trợ từ dưới lên cao. Hơn lúc nào hết, các nhà lãnh đạo hiểu rằng sự biến đổi thật sự chỉ xảy ra trong các mối quan hệ có ý nghĩa, và rằng chìa khóa cho sự kết nối bền vững để tạo ra các cơ hội và tiềm năng là thông qua giao tiếp. </span></span></p>\r\n\r\n<p style=\"text-align: justify;\"><span style=\"font-size:20px;\"><span style=\"font-family:Times New Roman,Times,serif;\">&nbsp; &nbsp; &nbsp;Có rất nhiều mô hình phân loại tính cách giúp hỗ trợ giao tiếp hiệu quả. Các mô hình phân loại tính cách có mục đích giúp con người thấu hiểu, tôn trọng từ đó kết nối với nhau chặt chẽ hơn. Nhưng trên thực tế, con người lại thường trở nên định kiến và dán nhãn hơn cho các loại tính cách. Họ trở nên phân tích, nhận xét và ứng phó nhiều hơn cho các khuynh hướng tích cách khác với họ. Chuyện gì sẽ xảy ra nếu chúng ta biết rằng chúng ta có đầy đủ sự đa dạng tính cách đó trong con người mình?</span></span></p>\r\n', '154000', '124500', 1, 30, 'thau-hieu-con-nguoi.jpg'),
(56, 2, 'Hành Trình Một Đời Người ', '<p style=\"text-align: justify;\"><strong><span style=\"font-size:20px;\"><span style=\"font-family:Times New Roman,Times,serif;\">Thông Tin Chi Tiết</span></span></strong></p>\r\n\r\n<p style=\"text-align: justify;\"><span style=\"font-size:20px;\"><span style=\"font-family:Times New Roman,Times,serif;\">- LOẠI SẢN PHẨM: Bìa mềm </span></span></p>\r\n\r\n<p style=\"text-align: justify;\"><span style=\"font-size:20px;\"><span style=\"font-family:Times New Roman,Times,serif;\">- KÍCH THƯỚC: 15.5 x 23 cm </span></span></p>\r\n\r\n<p style=\"text-align: justify;\"><span style=\"font-size:20px;\"><span style=\"font-family:Times New Roman,Times,serif;\">- SỐ TRANG: 305 TÁC GIẢ: Robert Iger </span></span></p>\r\n\r\n<p style=\"text-align: justify;\"><span style=\"font-size:20px;\"><span style=\"font-family:Times New Roman,Times,serif;\">- DỊCH GIẢ: Trần Huy Hà </span></span></p>\r\n\r\n<p style=\"text-align: justify;\"><span style=\"font-size:20px;\"><span style=\"font-family:Times New Roman,Times,serif;\">- NHÀ XUẤT BẢN: NXB Trẻ</span></span></p>\r\n', '<p style=\"text-align: justify;\"><span style=\"font-size:20px;\"><span style=\"font-family:Times New Roman,Times,serif;\">&nbsp; &nbsp; &nbsp;Những Đúc Kết Từ 15 Năm Ở Vị Trí CEO Công Ty Walt Disney Robert Iger trở thành Giám đốc điều hành Công ty Walt Disney vào năm 2005, trong một thời kỳ khó khăn. Cạnh tranh khốc liệt hơn bao giờ hết và công nghệ thay đổi nhanh hơn bất kỳ thời điểm nào trong lịch sử của công ty. Tầm nhìn của ông đưa ra ba ý tưởng rõ ràng: Tuân thủ quan niệm rằng chất lượng là vấn đề quan trọng, đi theo công nghệ thay vì chống lại nó, và nghĩ lớn hơn -&nbsp;tư duy toàn cầu -&nbsp;và biến Disney thành một thương hiệu mạnh hơn trên thị trường quốc tế. </span></span></p>\r\n\r\n<p style=\"text-align: justify;\"><span style=\"font-size:20px;\"><span style=\"font-family:Times New Roman,Times,serif;\">&nbsp; &nbsp; &nbsp;Ngày nay, Disney là công ty truyền thông lớn nhất, được ngưỡng mộ nhất trên thế giới, tính cả Pixar, Marvel, Lucasfilm và 21th Century Fox trong số các tài sản của nó. Giá trị công ty tăng gần gấp năm lần so với khi Iger tiếp quản, và ông được công nhận là một trong những CEO thành công và sáng tạo nhất trong thời đại của chúng ta. Trong Hành Trình Một Đời Người, Robert Iger chia sẻ những bài học đúc kết được khi điều hành Disney và lãnh đạo hơn 220.000 nhân viên của hãng, và khám phá những phẩm chất lãnh đạo đích thực.</span></span></p>\r\n', '115000', '89000', 1, 45, 'hanh-trinh-mot-doi-nguoi.jpg'),
(57, 4, 'Words of Comfort', '<p style=\"text-align: justify;\"><strong><span style=\"font-size:20px;\"><span style=\"font-family:Times New Roman,Times,serif;\">Thông Tin Chi Tiết</span></span></strong></p>\r\n\r\n<p style=\"text-align: justify;\"><span style=\"font-size:20px;\"><span style=\"font-family:Times New Roman,Times,serif;\">- KÍCH THƯỚC: 10.5 x 14.8 x 1.6 cm </span></span></p>\r\n\r\n<p style=\"text-align: justify;\"><span style=\"font-size:20px;\"><span style=\"font-family:Times New Roman,Times,serif;\">- SỐ TRANG: 64 </span></span></p>\r\n\r\n<p style=\"text-align: justify;\"><span style=\"font-size:20px;\"><span style=\"font-family:Times New Roman,Times,serif;\">- TÁC GIẢ: Helen Exley </span></span></p>\r\n\r\n<p style=\"text-align: justify;\"><span style=\"font-size:20px;\"><span style=\"font-family:Times New Roman,Times,serif;\">- NHÀ XUẤT BẢN: Helen Exley </span></span></p>\r\n\r\n<p style=\"text-align: justify;\"><span style=\"font-size:20px;\"><span style=\"font-family:Times New Roman,Times,serif;\">- ISBN 13: 9781850159025</span></span></p>\r\n', '<p style=\"text-align: justify;\"><span style=\"font-size:20px;\"><span style=\"font-family:Times New Roman,Times,serif;\">&nbsp; &nbsp; &nbsp;A book of sympathy which contains poems and prose matched to suitable fine art paintings.</span></span></p>\r\n\r\n<p style=\"text-align: justify;\"><span style=\"font-size:20px;\"><span style=\"font-family:Times New Roman,Times,serif;\">&nbsp; &nbsp; Bản dịch:&nbsp;Một cuốn sách của sự cảm thông trong đó có những bài thơ và văn xuôi phù hợp với các bức tranh mỹ thuật phù hợp.</span></span></p>\r\n', '199000', '165000', 1, 28, '0013.jpg'),
(58, 4, 'Taking Time To Just Be', '<p style=\"text-align: justify;\"><span style=\"font-size:20px;\"><span style=\"font-family:Times New Roman,Times,serif;\"><strong>Thông Tin Chi Tiết</strong> </span></span></p>\r\n\r\n<p style=\"text-align: justify;\"><span style=\"font-size:20px;\"><span style=\"font-family:Times New Roman,Times,serif;\">- KÍCH THƯỚC: 15.5 x 1.5 x 15.4 cm </span></span></p>\r\n\r\n<p style=\"text-align: justify;\"><span style=\"font-size:20px;\"><span style=\"font-family:Times New Roman,Times,serif;\">- SỐ TRANG: 144 </span></span></p>\r\n\r\n<p style=\"text-align: justify;\"><span style=\"font-size:20px;\"><span style=\"font-family:Times New Roman,Times,serif;\">- TÁC GIẢ: Helen Exley </span></span></p>\r\n\r\n<p style=\"text-align: justify;\"><span style=\"font-size:20px;\"><span style=\"font-family:Times New Roman,Times,serif;\">- NHÀ XUẤT BẢN: Helen Exley </span></span></p>\r\n\r\n<p style=\"text-align: justify;\"><span style=\"font-size:20px;\"><span style=\"font-family:Times New Roman,Times,serif;\">- ISBN 13: 9781861871473</span></span></p>\r\n', '<p style=\"text-align: justify;\"><span style=\"font-size:20px;\"><span style=\"font-family:Times New Roman,Times,serif;\">&nbsp; &nbsp; &nbsp;TAKING TIME TO JUST BE is about taking time out from our busy, over-complicated lives, to sit, to appreciate our home, to breathe and to be at one with nature. To just be. With words by some of the worlds wisest writers and thinkers, we regain a wonderful sense of beauty and peace.</span></span></p>\r\n\r\n<p style=\"text-align: justify;\"><span style=\"font-size:20px;\"><span style=\"font-family:Times New Roman,Times,serif;\">&nbsp; &nbsp; &nbsp;Bản dịch: \"DÀNH THỜI GIAN ĐỂ TRỞ THÀNH\" là dành thời gian từ cuộc sống bận rộn, quá phức tạp của chúng ta, để ngồi, đánh giá cao ngôi nhà của chúng ta, để thở và hòa mình với thiên nhiên. Để chỉ được. Với lời nói của một số nhà văn và nhà tư tưởng khôn ngoan nhất thế giới, chúng ta lấy lại cảm giác tuyệt vời về vẻ đẹp và hòa bình.</span></span></p>\r\n', '125000', '99000', 0, 50, '012.jpg'),
(60, 4, 'Over 60s Jokes (TALL JOKES)', '<p><span style=\"font-size:20px;\"><span style=\"font-family:Times New Roman,Times,serif;\"><span style=\"color:#000000;\"><strong>Thông Tin Chi Tiết</strong> </span></span></span></p>\r\n\r\n<p><span style=\"font-size:20px;\"><span style=\"font-family:Times New Roman,Times,serif;\"><span style=\"color:#000000;\">- KÍCH THƯỚC: 16.7 x 10.5 cm </span></span></span></p>\r\n\r\n<p><span style=\"font-size:20px;\"><span style=\"font-family:Times New Roman,Times,serif;\"><span style=\"color:#000000;\">- SỐ TRANG: 144 </span></span></span></p>\r\n\r\n<p><span style=\"font-size:20px;\"><span style=\"font-family:Times New Roman,Times,serif;\"><span style=\"color:#000000;\">- TÁC GIẢ: Helen Exley </span></span></span></p>\r\n\r\n<p><span style=\"font-size:20px;\"><span style=\"font-family:Times New Roman,Times,serif;\"><span style=\"color:#000000;\">- NHÀ XUẤT BẢN: Helen Exley </span></span></span></p>\r\n\r\n<p><span style=\"font-size:20px;\"><span style=\"font-family:Times New Roman,Times,serif;\"><span style=\"color:#000000;\">- ISBN 13: 9781784852344</span></span></span></p>\r\n', '<p style=\"text-align: justify;\"><span style=\"font-size:20px;\"><span style=\"font-family:Times New Roman,Times,serif;\">&nbsp; &nbsp; &nbsp;The years just start to go by so quickly. But don’t worry, they’ll soon hurtle by faster and even faster! So just enjoy the laughter in this glorious book. The wise, witty and hilarious jokes will help you on your way.</span></span></p>\r\n\r\n<p style=\"text-align: justify;\"><span style=\"font-size:20px;\"><span style=\"font-family:Times New Roman,Times,serif;\">&nbsp; &nbsp; &nbsp;Bản Dịch:&nbsp;Năm tháng bắt đầu trôi qua quá nhanh. Nhưng đừng lo lắng, chúng sẽ sớm lao nhanh hơn và thậm chí nhanh hơn! Vì vậy, chỉ cần tận hưởng tiếng cười trong cuốn sách vinh quang này. Những câu chuyện cười khôn ngoan, dí dỏm và vui nhộn sẽ giúp bạn trên con đường của mình.</span></span></p>\r\n', '165000', '105000', 1, 15, '008.jpg'),
(61, 2, 'Thử Nghiệm Kinh Doanh', '<p style=\"text-align: justify;\"><strong><span style=\"font-size:20px;\"><span style=\"font-family:Times New Roman,Times,serif;\">Thông Tin Chi Tiết</span></span></strong></p>\r\n\r\n<p style=\"text-align: justify;\"><span style=\"font-size:20px;\"><span style=\"font-family:Times New Roman,Times,serif;\">- LOẠI SẢN PHẨM: Bìa mềm </span></span></p>\r\n\r\n<p style=\"text-align: justify;\"><span style=\"font-size:20px;\"><span style=\"font-family:Times New Roman,Times,serif;\">- KÍCH THƯỚC: 15 x 23 cm </span></span></p>\r\n\r\n<p style=\"text-align: justify;\"><span style=\"font-size:20px;\"><span style=\"font-family:Times New Roman,Times,serif;\">- SỐ TRANG: 320 </span></span></p>\r\n\r\n<p style=\"text-align: justify;\"><span style=\"font-size:20px;\"><span style=\"font-family:Times New Roman,Times,serif;\">- TÁC GIẢ: Stefan H. Thomke </span></span></p>\r\n\r\n<p style=\"text-align: justify;\"><span style=\"font-size:20px;\"><span style=\"font-family:Times New Roman,Times,serif;\">- DỊCH GIẢ: Nguyễn Việt Anh </span></span></p>\r\n\r\n<p style=\"text-align: justify;\"><span style=\"font-size:20px;\"><span style=\"font-family:Times New Roman,Times,serif;\">- NHÀ XUẤT BẢN: NXB Tổng Hợp TP. HCM</span></span></p>\r\n', '<p style=\"text-align: justify;\"><span style=\"font-family:Times New Roman,Times,serif;\"><span style=\"font-size:20px;\">&nbsp; &nbsp; &nbsp;“Nếu không có các cuộc thử nghiệm, thì nhiều đột phá có thể chẳng bao giờ diễn ra. Và nhiều ý tưởng tồi tệ sẽ xuất hiện, chỉ để nhận thất bại, gây lãng phí các nguồn lực.” Chúng ta nhận ra rằng ngay cả những nhà quản lý giàu kinh nghiệm nhất cũng thường mắc sai lầm khi thực hiện các ý tưởng đổi mới cho dù là để cải thiện trải nghiệm của khách hàng, vận hành thử nghiệm các mô hình kinh doanh mới hay phát triển các sản phẩm và dịch vụ mới,... </span></span></p>\r\n\r\n<p style=\"text-align: justify;\"><span style=\"font-family:Times New Roman,Times,serif;\"><span style=\"font-size:20px;\">&nbsp; &nbsp; &nbsp;Giáo sư Stefan Thomke của Trường Kinh doanh Harvard khẳng định rằng: Thông thường, các nhà quản lý dựa vào trực giác, kinh nghiệm và niềm tin của bản thân, nhưng trên thực tế, những ý tưởng thực sự đổi mới thường ngược lại với chúng. Chúng ta không thể biết liệu các ý tưởng đổi mới của chúng ta có hiệu quả hay không (khi đưa ra sản phẩm mới hay giới thiệu trải nghiệm khách hàng mới) nếu không tiến hành thử nghiệm.</span></span></p>\r\n', '135000', '103500', 0, 59, 'thu-nghiem-kinh-doanh.jpg'),
(62, 6, 'Kỹ Năng Cho Người Đi Làm', '<p style=\"text-align: justify;\"><strong><span style=\"font-size:20px;\"><span style=\"font-family:Times New Roman,Times,serif;\">Thông Tin Chi Tiết</span></span></strong></p>\r\n\r\n<p style=\"text-align: justify;\"><span style=\"font-size:20px;\"><span style=\"font-family:Times New Roman,Times,serif;\">- LOẠI SẢN PHẨM: Bìa mềm </span></span></p>\r\n\r\n<p style=\"text-align: justify;\"><span style=\"font-size:20px;\"><span style=\"font-family:Times New Roman,Times,serif;\">- KÍCH THƯỚC: 14.5 x 20.5 cm </span></span></p>\r\n\r\n<p style=\"text-align: justify;\"><span style=\"font-size:20px;\"><span style=\"font-family:Times New Roman,Times,serif;\">- SỐ TRANG: 218 </span></span></p>\r\n\r\n<p style=\"text-align: justify;\"><span style=\"font-size:20px;\"><span style=\"font-family:Times New Roman,Times,serif;\">- TÁC GIẢ: Max A. Eggert </span></span></p>\r\n\r\n<p style=\"text-align: justify;\"><span style=\"font-size:20px;\"><span style=\"font-family:Times New Roman,Times,serif;\">- DỊCH GIẢ: Kim Nhường </span></span></p>\r\n\r\n<p style=\"text-align: justify;\"><span style=\"font-size:20px;\"><span style=\"font-family:Times New Roman,Times,serif;\">- NHÀ XUẤT BẢN: NXB Trẻ</span></span></p>\r\n', '<p style=\"text-align: justify;\"><span style=\"font-size:20px;\"><span style=\"font-family:Times New Roman,Times,serif;\">&nbsp; &nbsp; &nbsp;Những gì được nói ra thường không thể hiện ý nghĩa chúng có, gần 70% giao tiếp của chúng ta là giao tiếp không lời! Nếu bạn muốn xây dựng mối quan hệ, tạo ra một ấn tượng tích cực và trở thành một người giao tiếp hiệu quả toàn diện, quyển sách Ngôn ngữ cơ thể thông minh này là thiết yếu để bạn hiểu được ‘ý tại ngôn ngoại’. </span></span></p>\r\n\r\n<p style=\"text-align: justify;\"><span style=\"font-size:20px;\"><span style=\"font-family:Times New Roman,Times,serif;\">&nbsp; &nbsp; &nbsp;Được viết bởi một nhà tâm lý học quản lý quốc tế, Ngôn ngữ cơ thể thông minh sẽ chỉ cho bạn biết cách hiểu được những phức tạp của ngôn ngữ cơ thể và làm thế nào để tối đa hóa kỹ năng giao tiếp cá nhân trong tất cả các mối quan hệ của bạn - trong cuộc sống và trong công việc.</span></span></p>\r\n', '89000', '65000', 0, 70, 'ngon-ngu-co-the-thong-minh-tb-2022.jpg'),
(63, 6, 'Người Nam Châm', '<p style=\"text-align: justify;\"><span style=\"font-size:20px;\"><span style=\"font-family:Times New Roman,Times,serif;\"><strong>Thông Tin Chi Tiết</strong> </span></span></p>\r\n\r\n<p style=\"text-align: justify;\"><span style=\"font-size:20px;\"><span style=\"font-family:Times New Roman,Times,serif;\">- LOẠI SẢN PHẨM: Bìa mềm</span></span></p>\r\n\r\n<p style=\"text-align: justify;\"><span style=\"font-size:20px;\"><span style=\"font-family:Times New Roman,Times,serif;\">- KÍCH THƯỚC: 13 x 20.5 cm </span></span></p>\r\n\r\n<p style=\"text-align: justify;\"><span style=\"font-size:20px;\"><span style=\"font-family:Times New Roman,Times,serif;\">- SỐ TRANG: 216 </span></span></p>\r\n\r\n<p style=\"text-align: justify;\"><span style=\"font-size:20px;\"><span style=\"font-family:Times New Roman,Times,serif;\">- TÁC GIẢ: D. D. Watkins Jack Canfield </span></span></p>\r\n\r\n<p style=\"text-align: justify;\"><span style=\"font-size:20px;\"><span style=\"font-family:Times New Roman,Times,serif;\">- DỊCH GIẢ: Thu Huyền </span></span></p>\r\n\r\n<p style=\"text-align: justify;\"><span style=\"font-size:20px;\"><span style=\"font-family:Times New Roman,Times,serif;\">- NHÀ XUẤT BẢN: NXB Công Thương </span></span></p>\r\n\r\n<p style=\"text-align: justify;\"><span style=\"font-size:20px;\"><span style=\"font-family:Times New Roman,Times,serif;\">- NHÀ PHÁT HÀNH: Thái Hà Books</span></span></p>\r\n', '<p style=\"text-align: justify;\"><span style=\"font-size:20px;\"><span style=\"font-family:Times New Roman,Times,serif;\">&nbsp; &nbsp; &nbsp;Cuốn sách viết về cách hoạt động của Luật hấp dẫn trong cuộc sống của bạn, từ đó bạn có thể hiểu nhiều hơn về bản thân mình – thực ra bạn là ai và tại sao bạn lại ở đây. Cuốn sách này chính là chìa khóa của bạn. Nó có thể mở cánh cửa tới tương lai như bạn mong ước và đưa bạn tới con đường có nhiều niềm vui, sung túc và giàu có hơn. </span></span></p>\r\n\r\n<p style=\"text-align: justify;\"><span style=\"font-size:20px;\"><span style=\"font-family:Times New Roman,Times,serif;\">&nbsp; &nbsp; &nbsp;Khi đọc cuốn sách này, bạn sẽ thấy mình được truyền cảm hứng vì bạn nhận ra rằng bạn có thể tạo ra cuộc sống mà bạn khao khát, và bạn sẽ được trao quyền khi sử dụng những công cụ, những chiến lược và những khái niệm cơ bản được chuyển tải trong những trang sách này.</span></span></p>\r\n', '227500', '113000', 1, 46, 'nguoi-nam-cham-tb-2022.jpg'),
(64, 6, 'Niềm Vui Của Việc Bỏ Lỡ', '<p style=\"text-align: justify;\"><strong><span style=\"font-size:20px;\"><span style=\"font-family:Times New Roman,Times,serif;\">Thông Tin Chi Tiết</span></span></strong></p>\r\n\r\n<p style=\"text-align: justify;\"><span style=\"font-size:20px;\"><span style=\"font-family:Times New Roman,Times,serif;\">- LOẠI SẢN PHẨM: Bìa mềm </span></span></p>\r\n\r\n<p style=\"text-align: justify;\"><span style=\"font-size:20px;\"><span style=\"font-family:Times New Roman,Times,serif;\">- KÍCH THƯỚC: 15.5 x 24 cm</span></span></p>\r\n\r\n<p style=\"text-align: justify;\"><span style=\"font-size:20px;\"><span style=\"font-family:Times New Roman,Times,serif;\">- SỐ TRANG: 293 </span></span></p>\r\n\r\n<p style=\"text-align: justify;\"><span style=\"font-size:20px;\"><span style=\"font-family:Times New Roman,Times,serif;\">- TÁC GIẢ: Tanya Dalton </span></span></p>\r\n\r\n<p style=\"text-align: justify;\"><span style=\"font-size:20px;\"><span style=\"font-family:Times New Roman,Times,serif;\">- DỊCH GIẢ: Huyền Trân</span></span></p>\r\n\r\n<p style=\"text-align: justify;\"><span style=\"font-size:20px;\"><span style=\"font-family:Times New Roman,Times,serif;\">- NHÀ XUẤT BẢN: NXB Công Thương </span></span></p>\r\n\r\n<p style=\"text-align: justify;\"><span style=\"font-size:20px;\"><span style=\"font-family:Times New Roman,Times,serif;\">- NHÀ PHÁT HÀNH: Bestbooks</span></span></p>\r\n', '<p style=\"text-align: justify;\"><span style=\"font-family:Times New Roman,Times,serif;\"><span style=\"font-size:20px;\">&nbsp; &nbsp; &nbsp;Sống năng suất không có nghĩa là làm nhiều hơn. Sống năng suất là làm những điều quan trọng nhất. Bạn có thể định nghĩa được khái niệm “đủ” trong cuộc sống của mình? Những cuốn sách về hạnh phúc, về cân bằng cuộc sống hay tối giản tâm trí – của cải đã không còn xa lạ với chúng ta. Nhưng NIỀM VUI CỦA VIỆC BỎ LỠ mang đến cho chúng ta một góc nhìn hoàn toàn mới: đánh giá lại cuộc sống trong mỗi ngày của mình để hiểu được chúng ta đã và đang hối tiếc điều gì, đâu mới là năng suất thực sự của bản thân. </span></span></p>\r\n\r\n<p style=\"text-align: justify;\"><span style=\"font-family:Times New Roman,Times,serif;\"><span style=\"font-size:20px;\">&nbsp; &nbsp; &nbsp;Thời gian là hữu hạn và mong muốn của chúng ta là vô hạn. Vậy làm như thế nào để cân bằng giữa thời gian và mong muốn? Phương pháp liveWELL Method của tác giả Tanya Dalton sẽ giúp bạn có câu trả lời, để những tính từ “bận rộn”, “choáng ngợp” không còn dùng để miêu tả mỗi ngày của bạn nữa, để bạn hiểu như thế nào là “đủ”. Từng chương sách trong NIỀM VUI CỦA VIỆC BỎ LỠ như một cách cửa sổ giúp chúng ta đón nhận những tia nắng sớm mai rực rỡ soi chiếu tâm hồn và để gió cuốn đi những suy nghĩ tiêu cực, những bộn bề lo toan không cần thiết. Một cuốn sách hay có lẽ chỉ cần có vậy.</span></span></p>\r\n', '75000', '495000', 0, 37, 'niem-vui-cua-viec-bo-lo.jpg'),
(65, 3, '365 Thí Nghiệm Khoa Học', '<p><strong><span style=\"font-size:20px;\"><span style=\"font-family:Times New Roman,Times,serif;\">Thông Tin Chi Tiết</span></span></strong></p>\r\n\r\n<p><span style=\"font-size:20px;\"><span style=\"font-family:Times New Roman,Times,serif;\">- Tác giả : OM Books </span></span></p>\r\n\r\n<p style=\"text-align: justify;\"><span style=\"font-size:20px;\"><span style=\"font-family:Times New Roman,Times,serif;\">- Dịch giả :Nhóm Sóc Xanh (dịch )</span></span></p>\r\n\r\n<p><span style=\"font-size:20px;\"><span style=\"font-family:Times New Roman,Times,serif;\">- NXB: NXB Thế giới </span></span></p>\r\n\r\n<p><span style=\"font-size:20px;\"><span style=\"font-family:Times New Roman,Times,serif;\">- Kích thước : 19 x 27 cm </span></span></p>\r\n\r\n<p><span style=\"font-size:20px;\"><span style=\"font-family:Times New Roman,Times,serif;\">- Năm xuất bản : 2019 </span></span></p>\r\n\r\n<p><span style=\"font-size:20px;\"><span style=\"font-family:Times New Roman,Times,serif;\">- Số trang : 236 </span></span></p>\r\n\r\n<p><span style=\"font-size:20px;\"><span style=\"font-family:Times New Roman,Times,serif;\">- Khối lượng : 1200 grams </span></span></p>\r\n\r\n<p><span style=\"font-size:20px;\"><span style=\"font-family:Times New Roman,Times,serif;\">- Bìa : bìa cứng</span></span></p>\r\n', '<p style=\"text-align: justify;\"><span style=\"font-family:Times New Roman,Times,serif;\"><span style=\"font-size:20px;\">&nbsp; &nbsp; &nbsp;Sách: 365 Thí Nghiệm Khoa Học Dành Cho Trẻ Em c</span></span><span style=\"font-family:Times New Roman,Times,serif;\"><span style=\"font-size:20px;\">ũng là những tri thức, nhưng chúng không cứng nhắc và khô khan như chúng ta vẫn thường thấy. Người đọc sẽ nhanh chóng bị lôi cuốn vào một thế giới đầy bí ẩn, nơi đó, chúng ta như được đối thoại cùng những người nổi tiếng. Chúng ta sẽ được tìm hiểu về họ, đối thoại cùng họ, và.... từ lúc nào, chúng ta đã thu nhận được những tri thức vô cùng thú vị. Bạn sẽ được tìm hiểu về cuộc sống, sở thích và các thí nghiệm khoa học từ những vật dụng xung quanh chúng ta thông qua những câu chuyện thú vị và những bức tranh sinh động. Những điều được thể hiện qua mỗi thí nghiệm đều là nghiêm túc. Sau mỗi thí nghiệm sẽ là một kiến thức hữu ích . Tiếp thu những kiến thức của cuốn sách này, trong tương lai không xa, chắc chắn bạn sẽ thành công. </span></span></p>\r\n\r\n<p style=\"text-align: justify;\"><span style=\"font-family:Times New Roman,Times,serif;\"><span style=\"font-size:20px;\">&nbsp; &nbsp; &nbsp;Bộ sách thích hợp cho mọi lứa tuổi, mọi đối tượng độc giả, đặc biệt là các em học sinh. Chắc chắn các em học sinh sẽ thích bộ sách sinh động và bổ ích này.</span></span></p>\r\n', '99900', '79000', 1, 105, '995de4f3725ae5c9f6b90a3a2a541d07.jpg'),
(66, 3, 'Thế Giới Động Vật', '<p style=\"text-align: justify;\"><strong><span style=\"font-family:Times New Roman,Times,serif;\"><span style=\"font-size:20px;\">Thông Tin Chi Tiết</span></span></strong></p>\r\n\r\n<p style=\"text-align: justify;\"><span style=\"font-family:Times New Roman,Times,serif;\"><span style=\"font-size:20px;\">- Nhà Cung Cấp: Tân Việt</span></span></p>\r\n\r\n<p style=\"text-align: justify;\"><span style=\"font-family:Times New Roman,Times,serif;\"><span style=\"font-size:20px;\">- Tác giả Nhiều Tác Giả </span></span></p>\r\n\r\n<p style=\"text-align: justify;\"><span style=\"font-family:Times New Roman,Times,serif;\"><span style=\"font-size:20px;\">- NXB NXB Mỹ Thuật </span></span></p>\r\n\r\n<p style=\"text-align: justify;\"><span style=\"font-family:Times New Roman,Times,serif;\"><span style=\"font-size:20px;\">- Năm XB 10-2009 </span></span></p>\r\n\r\n<p style=\"text-align: justify;\"><span style=\"font-family:Times New Roman,Times,serif;\"><span style=\"font-size:20px;\">- Trọng lượng (gr) 450 </span></span></p>\r\n\r\n<p style=\"text-align: justify;\"><span style=\"font-family:Times New Roman,Times,serif;\"><span style=\"font-size:20px;\">- Kích Thước Bao Bì 14 x 14 </span></span><span style=\"font-family:Times New Roman,Times,serif;\"><span style=\"font-size:20px;\"> </span></span></p>\r\n\r\n<p style=\"text-align: justify;\"><span style=\"font-family:Times New Roman,Times,serif;\"><span style=\"font-size:20px;\">- Hình thức: Bìa Mềm</span></span></p>\r\n', '<p style=\"text-align: justify;\"><span style=\"font-family:Times New Roman,Times,serif;\"><span style=\"font-size:20px;\">&nbsp; &nbsp; &nbsp; Những câu chuyện trong tập sách này sẽ giúp bé hình thành những thói quen và phẩm chất tốt, ảnh hưởng đến việc hình thành nhân cách sau này của trẻ. </span></span></p>\r\n\r\n<p style=\"text-align: justify;\"><span style=\"font-family:Times New Roman,Times,serif;\"><span style=\"font-size:20px;\">&nbsp; &nbsp; &nbsp;Sách được in màu với mảu sắc tươi sáng, hình vẽ ngộ nghĩnh, đáng yêu. Trọn bộ gồm 10 cuốn: Loài cá Loài chim Côn trùng Động vật Bắc cực Động vật biển Động vật có vú Động vật lưỡng tính Động vật rừng sâu Động vật thảo nguyên Loài khủng long</span></span></p>\r\n', '176000', '112500', 1, 29, 'image_59513.jpg'),
(67, 3, 'Vui Cùng Tiếng Việt', '<p style=\"text-align: justify;\"><strong><span style=\"font-size:20px;\"><span style=\"font-family:Times New Roman,Times,serif;\">Thông Tin Chi Tiết</span></span></strong></p>\r\n\r\n<p style=\"text-align: justify;\"><span style=\"font-size:20px;\"><span style=\"font-family:Times New Roman,Times,serif;\">- LOẠI SẢN PHẨM: Bìa mềm </span></span></p>\r\n\r\n<p style=\"text-align: justify;\"><span style=\"font-size:20px;\"><span style=\"font-family:Times New Roman,Times,serif;\">- KÍCH THƯỚC: 19 x 26 cm </span></span></p>\r\n\r\n<p style=\"text-align: justify;\"><span style=\"font-size:20px;\"><span style=\"font-family:Times New Roman,Times,serif;\">- SỐ TRANG: 32 </span></span></p>\r\n\r\n<p style=\"text-align: justify;\"><span style=\"font-size:20px;\"><span style=\"font-family:Times New Roman,Times,serif;\">-TÁC GIẢ: Thụy Anh </span></span></p>\r\n\r\n<p style=\"text-align: justify;\"><span style=\"font-size:20px;\"><span style=\"font-family:Times New Roman,Times,serif;\">- NHÀ XUẤT BẢN: NXB Trẻ</span></span></p>\r\n', '<p style=\"text-align: justify;\"><span style=\"font-family:Times New Roman,Times,serif;\"><span style=\"font-size:20px;\">&nbsp; &nbsp; &nbsp;Nguyễn Thụy Anh là một nhà sư phạm, đồng thời cũng là người viết cho thiếu nhi. Nhưng trên hết, chị là một người mẹ. Bộ sách thơ gồm 4 cuốn có những cái tên nhộn nhộn “Nhim nhỉm nhìm nhim”, “Mẹ Hổ dịu dàng”, “Ngày xưa, ngày nay, ngày sau...”, “Vui cùng tiếng Việt”, là những ấn phẩm mới nhất mà chị dành tặng cho các độc giả nhỏ xíu (từ 0 đến 7 tuổi) vào những ngày đầu tháng 4 hiền hậu này. Những bài thơ trong 4 tập thơ này chị bắt đầu viết từ những ngày đầu tiên làm mẹ, là thơ của mẹ viết cho con, để dạy con, nghe con và cùng con lớn lên từng ngày, là những bài thơ của một người yêu trẻ, cùng trẻ nhìn cuộc sống với con mắt hồn nhiên và... hiểu biết. Hai tập đầu cho trẻ những khái niệm đầu tiên về loài vật, xây dựng cảm xúc thân thiện, ấm áp với những con thú nhỏ là bạn của các em từ lúc mới chào đời. Hai tập sau chị viết về các sự vật sự việc xung quanh em, về cái bếp, cái nhà, về từng mùa thay đổi, cho các em cảm nhận về không gian, thời gian, bước đi dài của mỗi đứa trẻ từ khi ra đời đến lúc chuẩn bị đến trường, qua từng tuổi mới. Thơ dành cho các bạn bé tí thì gần gũi với đồng dao, ngắn và dễ nhớ. Thơ dành cho độc giả đã lớn hơn thì đã hướng tới suy tư, cũng lại dí dủm, hài hước, khiến cả nhà đều có cơ hội cùng phá lên cười. Cuối mỗi tập thơ là một vài trang dành cho trò chơi tương tác cùng những nhân vật đã xuất hiện trong thơ.</span></span></p>\r\n', '199000', '168500', 0, 38, 'vui-cung-tieng-viet-tb-2022.jpg'),
(68, 5, 'Cửa hàng Tiện Lợi Bất Tiện', '<p style=\"text-align: justify;\"><span style=\"font-size:20px;\"><span style=\"font-family:Times New Roman,Times,serif;\"><strong>Thông Tin Chi Tiết</strong></span></span></p>\r\n\r\n<p style=\"text-align: justify;\"><span style=\"font-size:20px;\"><span style=\"font-family:Times New Roman,Times,serif;\">- LOẠI SẢN PHẨM: Bìa mềm </span></span></p>\r\n\r\n<p style=\"text-align: justify;\"><span style=\"font-size:20px;\"><span style=\"font-family:Times New Roman,Times,serif;\">- KÍCH THƯỚC: 14.5 x 20.5 cm </span></span></p>\r\n\r\n<p style=\"text-align: justify;\"><span style=\"font-size:20px;\"><span style=\"font-family:Times New Roman,Times,serif;\">- SỐ TRANG: 300</span></span></p>\r\n\r\n<p style=\"text-align: justify;\"><span style=\"font-size:20px;\"><span style=\"font-family:Times New Roman,Times,serif;\">- TÁC GIẢ: Kim Ho-Yeon </span></span></p>\r\n\r\n<p style=\"text-align: justify;\"><span style=\"font-size:20px;\"><span style=\"font-family:Times New Roman,Times,serif;\">- DỊCH GIẢ: Thu Hưng </span></span></p>\r\n\r\n<p style=\"text-align: justify;\"><span style=\"font-size:20px;\"><span style=\"font-family:Times New Roman,Times,serif;\">-&nbsp; NHÀ XUẤT BẢN: NXB Dân Trí </span></span></p>\r\n\r\n<p style=\"text-align: justify;\"><span style=\"font-size:20px;\"><span style=\"font-family:Times New Roman,Times,serif;\">- NHÀ PHÁT HÀNH: Gieobooks</span></span></p>\r\n', '<p style=\"text-align: justify;\"><span style=\"font-size:20px;\"><span style=\"font-family:Times New Roman,Times,serif;\">&nbsp; &nbsp; &nbsp;Cửa Hàng Tiện Lợi Bất Tiện của Kim Ho-Yeon là một tác phẩm văn học hư cấu, nhưng nó giống như một bộ phim truyền hình, một bộ phim điện ảnh và cũng giống một phim hoạt hình. Lối viết độc đáo giúp người đọc có trí tưởng tượng đa chiều về các cảnh vật cũng như các nhân vật xuất hiện trong tác phẩm. Nhân vật chính của câu chuyện này không phải là một anh hùng, mà là một người rất đỗi bình thường bên cạnh chúng ta, người mà chúng ta có thể đã lướt qua vào buổi sáng hoặc trên đường trở về nhà sau giờ làm việc. Trong truyện, một người đàn ông vô gia cư ở ga Seoul mắc chứng mất trí nhớ liên quan đến rượu đã gặp một người phụ nữ ngoài 70 tuổi khi anh ta nhặt được chiếc ví của bà. Sau đó, anh bắt đầu làm việc ca đêm tại một cửa hàng tiện lợi mà bà làm chủ. Liệu con người vô gia cư, một người đàn ông nói lắp và không ngại ngần đấu tranh với hành vi xấu, sẽ có thể làm việc bình thường ở cửa hàng tiện lợi? Sự phân cực trên thế giới đã trở nên tồi tệ hơn do đại dịch COVID-19 bắt đầu từ cuối năm 2019, đầu năm 2020, cộng thêm các biện pháp giãn cách xã hội kéo dài, chúng ta bắt đầu quen và sử dụng thế giới ảo thoải mái hơn thế giới thực. Tác giả đã sử dụng một cách tiếp cận hài hước để bộc lộ, cũng như xoa dịu nỗi sợ hãi và cô đơn mơ hồ của con người trong kỉ nguyên hậu COVID-19 thông qua cuốn sách Cửa Hàng Tiện Lợi Bất Tiện. Đó là lý do mà tác phẩm này đã lay động trái tim của gần một triệu độc giả Hàn Quốc kể từ khi được ra mắt đến nay.</span></span></p>\r\n', '183000', '124900', 1, 79, 'chtlbt.jpg'),
(69, 5, 'Tớ Nói Ổn Nhưng Thực Ra Là', '<p style=\"text-align: justify;\"><span style=\"font-size:20px;\"><span style=\"font-family:Times New Roman,Times,serif;\"><strong>Thông Tin Chi Tiết</strong></span></span></p>\r\n\r\n<p style=\"text-align: justify;\"><span style=\"font-size:20px;\"><span style=\"font-family:Times New Roman,Times,serif;\">- LOẠI SẢN PHẨM: Bìa mềm </span></span></p>\r\n\r\n<p style=\"text-align: justify;\"><span style=\"font-size:20px;\"><span style=\"font-family:Times New Roman,Times,serif;\">- KÍCH THƯỚC: 13 x 20.5 cm</span></span></p>\r\n\r\n<p style=\"text-align: justify;\"><span style=\"font-size:20px;\"><span style=\"font-family:Times New Roman,Times,serif;\">- SỐ TRANG: 246</span></span></p>\r\n\r\n<p style=\"text-align: justify;\"><span style=\"font-size:20px;\"><span style=\"font-family:Times New Roman,Times,serif;\">- TÁC GIẢ: Nhiều Tác Giả</span></span></p>\r\n\r\n<p style=\"text-align: justify;\"><span style=\"font-size:20px;\"><span style=\"font-family:Times New Roman,Times,serif;\">- NHÀ XUẤT BẢN: NXB Văn Học </span></span></p>\r\n\r\n<p style=\"text-align: justify;\"><span style=\"font-size:20px;\"><span style=\"font-family:Times New Roman,Times,serif;\">- NHÀ PHÁT HÀNH: Sbooks</span></span></p>\r\n', '<p style=\"text-align: justify;\"><span style=\"font-size:20px;\"><span style=\"font-family:Times New Roman,Times,serif;\">&nbsp; &nbsp; &nbsp;Tuổi của những mộng mơ, hoài niệm. Với trẻ thơ, đây là khoảng thời gian vô tư, hồn nhiên nhất. Với những người đã lớn, đó là quãng thời gian đầy hoài niệm với những dấu ấn đậm sâu nhất trong suốt cuộc đời. Là một sự tiếp nối và lưu giữ những khoảnh khắc tuyệt vời của tuổi thơ, tập truyện Tuổi Thần Tiên, tuyển tập 29 mẩu truyện được viết bởi những cây bút chuyên viết truyện thiếu nhi đến từ Hội Nhà văn Thành phố Hồ Chí Minh. Mỗi câu chuyện là mỗi phút giây lắng đọng, cảm xúc, có khi vui tươi, hào hứng, có khi lại tha thiết, bồi hồi. Để rồi đi qua 29 khoảnh khắc như một lát cắt khẽ khàng của cuộc đời, bạn sẽ cảm nhận được \"tuổi thơ\" là một quãng đời đầy sâu sắc, đậm đà. Và trên đường đời thênh thang, khi vô tình bắt gặp những kí ức xa xưa, những âm thanh của một thời xa vắng nay vẫn còn quen thuộc, những thanh âm, hoài niệm cứ thể hiện lên: \"...thỉnh thoảng đâu đó ở một con đường lạ, tôi vẫn còn thấy bóng dáng những gánh cốm với hai bầu thúng mầu nâu đen và tiếng rao lạ lùng gợi trong tôi bóng mát tấm lòng ngoại của suốt một thời thơ ấu.\"</span></span></p>\r\n', '205000', '99000', 0, 89, 'to-noi-to-on-nhung-thuc-ra-la.jpg'),
(70, 5, 'Trò Chuyện Với Lục Bình', '<p style=\"text-align: justify;\"><span style=\"font-size:20px;\"><span style=\"font-family:Times New Roman,Times,serif;\"><strong>Thông Tin Chi Tiết</strong></span></span></p>\r\n\r\n<p style=\"text-align: justify;\"><span style=\"font-size:20px;\"><span style=\"font-family:Times New Roman,Times,serif;\">- LOẠI SẢN PHẨM: Bìa mềm </span></span></p>\r\n\r\n<p style=\"text-align: justify;\"><span style=\"font-size:20px;\"><span style=\"font-family:Times New Roman,Times,serif;\">- KÍCH THƯỚC: 14 x 20.5 cm </span></span></p>\r\n\r\n<p style=\"text-align: justify;\"><span style=\"font-size:20px;\"><span style=\"font-family:Times New Roman,Times,serif;\">- SỐ TRANG: 188 </span></span></p>\r\n\r\n<p style=\"text-align: justify;\"><span style=\"font-size:20px;\"><span style=\"font-family:Times New Roman,Times,serif;\">- TÁC GIẢ: Võ Diệu Thanh </span></span></p>\r\n\r\n<p style=\"text-align: justify;\"><span style=\"font-size:20px;\"><span style=\"font-family:Times New Roman,Times,serif;\">- NHÀ XUẤT BẢN: NXB Phụ Nữ</span></span></p>\r\n\r\n<p style=\"text-align: justify;\"><span style=\"font-size:20px;\"><span style=\"font-family:Times New Roman,Times,serif;\">- NHÀ PHÁT HÀNH: Nhã Nam</span></span></p>\r\n', '<p style=\"text-align: justify;\"><span style=\"font-family:Times New Roman,Times,serif;\"><span style=\"font-size:20px;\">&nbsp; &nbsp; &nbsp;Đối với Võ Diệu Thanh, ngồi xuống trò chuyện với lục bình cũng là trò chuyện với chính mình. Vùng đất miền Tây nơi chị sinh ra không chỉ là nơi để sống mà còn là nơi để viết, để soi rọi bản thân rồi hòa theo dòng nước mà trôi vào lòng mọi người. Trở lại với thể loại tản văn, Võ Diệu Thanh thử mạnh dạn nói chuyện tình yêu, thử nuôi dưỡng niềm vui dù vẫn ngược xuôi tìm cách giãi bày, vẫn bồi hồi giữa hai mùa cưới. Ở một nhánh khác, Trò Chuyện Với Lục Bình còn là một chiêm nghiệm về sự học, một đối thoại văn hóa: học từ thất bại của người khác, ngẫm về số phận mình, cảm thông cho sự mong manh của những người thầy và cả những người mẹ. Học để biết yêu thương chén nắng quê nhà, hiểu thế nào là mùi đời qua những mùa Tết khác, trân quý cái gọi là lành nghề và nghiệm về một triết lý vô cùng đơn giản: dạy người thực chất khó hơn dạy mình. </span></span></p>\r\n\r\n<p style=\"text-align: justify;\"><span style=\"font-family:Times New Roman,Times,serif;\"><span style=\"font-size:20px;\">&nbsp; &nbsp; &nbsp;Thông tin tác giả VÕ DIỆU THANH sinh năm 1975, hiện là giáo viên dạy môn mỹ thuật Trường tiểu học “C” Chợ Vàm (huyện Phú Tân, An Giang). Năm 2010, tập truyện ngắn Cô con gái ngỗ ngược của Võ Diệu Thanh đoạt giải nhì trong cuộc thi sáng tác Văn học tuổi 20 lần thứ 4 do báo Tuổi Trẻ và NXB Trẻ đồng tổ chức. Năm 2011, chị đoạt giải nhất cuộc thi truyện ngắn trên trang mạng xã hội</span></span></p>\r\n', '215000', '189000', 0, 34, 'tro-chuyen-voi-luc-binh.jpg'),
(71, 1, 'Bộ 10 Cọ Tô Màu Đầu Tròn Lets Paint - Star Kids', '<p style=\"text-align: justify;\"><span style=\"font-size:20px;\"><span style=\"font-family:Times New Roman,Times,serif;\"><strong>Thông Tin Sản Phẩm</strong><br />\r\n- Nhà Cung Cấp: Cty RStar<br />\r\n- Thương Hiệu: Star Kids<br />\r\n- Xuất Xứ Thương Hiệu: Việt Nam<br />\r\n- Nơi Gia Công &amp; Sản Xuất: Trung Quốc<br />\r\n- Màu sắc: Xanh Dương<br />\r\n- Chất liệu:&nbsp;Gỗ<br />\r\n- Số Lượng/ Bộ: 10<br />\r\n- Trọng lượng (gr): 30<br />\r\n- Kích Thước Bao Bì: 22 x 7.5 x 0.5 cm</span></span></p>\r\n\r\n<p style=\"text-align: justify;\"><span style=\"font-size:20px;\"><span style=\"font-family:Times New Roman,Times,serif;\"><strong>Thông Tin Chi Tiết</strong><br />\r\n- Chiều dài lông cọ: 1.1cm<br />\r\n- Chiều rộng lông cọ: 0.25cm</span></span></p>\r\n', '<p style=\"text-align: justify;\"><span style=\"font-family:Times New Roman,Times,serif;\"><span style=\"font-size:20px;\">Bộ 10 cọ tô màu tròn được khuyến khích sử dụng cho trẻ từ 3 tuổi trở lên</span></span></p>\r\n', '165000', '87000', 1, 105, '8935256603861.jpg'),
(72, 1, 'Bộ Bút Vẽ Bullet Journal - Sakura', '<p><span style=\"font-family:Times New Roman,Times,serif;\"><span style=\"font-size:20px;\"><strong>Thông Tin Sản Phẩm</strong><br />\r\n- Nhà Cung Cấp: Công Ty TNHH Sakura Color Products Việt Nam<br />\r\n- Thương Hiệu: Sakura<br />\r\n- Xuất Xứ Thương Hiệu: &nbsp;Thương Hiệu Nhật<br />\r\n- Nơi Gia Công &amp; Sản Xuất: Nhật Bản<br />\r\n- Màu sắc: Nhiều màu<br />\r\n- Chất liệu:&nbsp;Nhựa<br />\r\n- Số Lượng/ Bộ: 3<br />\r\n- Trọng lượng (gr): 40<br />\r\n- Kích Thước Bao Bì: 15 x 4 x 1.5 cm</span></span></p>\r\n', '<p><strong><span style=\"font-size:20px;\"><span style=\"font-family:Times New Roman,Times,serif;\">Bộ sản phẩm bao gồm:</span></span></strong></p>\r\n\r\n<p><span style=\"font-size:20px;\"><span style=\"font-family:Times New Roman,Times,serif;\">- 01 bút đi nét Pigma Micron 03&nbsp;</span></span></p>\r\n\r\n<p><span style=\"font-size:20px;\"><span style=\"font-family:Times New Roman,Times,serif;\">- 01 bút cọ màu Koi Coloring Brush Pen</span></span></p>\r\n\r\n<p><span style=\"font-size:20px;\"><span style=\"font-family:Times New Roman,Times,serif;\">- 01 bút gel màu Gelly Roll XPGB-M</span></span></p>\r\n', '199000', '99000', 1, 25, '8938545200499.jpg'),
(73, 1, 'Combo Máy Tính CASIO FX-880BTG', '<p style=\"text-align: justify;\"><span style=\"font-size:20px;\"><span style=\"font-family:Times New Roman,Times,serif;\"><strong>Thông Tin Sản Phẩm</strong><br />\r\n- Nhà Cung Cấp: Bình Tây<br />\r\n- Thương Hiệu: &nbsp;Casio<br />\r\n- Xuất Xứ Thương Hiệu: Nhật<br />\r\n- Nơi Gia Công &amp; Sản Xuất: Thái Lan<br />\r\n- Màu sắc: Đen<br />\r\n- Chất liệu:&nbsp;Nhựa, Giấy<br />\r\n- Số Lượng/ Bộ: 2<br />\r\n- Kích Thước Bao Bì: 30 x 25 x 3 cm</span></span></p>\r\n', '<p><span style=\"font-family:Times New Roman,Times,serif;\"><span style=\"font-size:20px;\">Top 100 sản phẩm Máy tính điện tử bán chạy của tháng</span></span></p>\r\n', '999000', '862000', 0, 76, 'mauden.jpg');

-- --------------------------------------------------------

--
-- Table structure for table `tbl_slider`
--

CREATE TABLE `tbl_slider` (
  `slider_id` int(11) NOT NULL,
  `slider_image` varchar(100) CHARACTER SET utf8 NOT NULL,
  `slider_caption` text CHARACTER SET utf8 DEFAULT NULL,
  `slider_active` int(11) NOT NULL DEFAULT 1
) ENGINE=InnoDB DEFAULT CHARSET=utf8mb4;

--
-- Dumping data for table `tbl_slider`
--

INSERT INTO `tbl_slider` (`slider_id`, `slider_image`, `slider_caption`, `slider_active`) VALUES
(1, 'a1.jpg', NULL, 1),
(2, 'a6.jpg', NULL, 0),
(3, 'a2.jpg', NULL, 0),
(4, 'a4.jpg', NULL, 0),
(5, 'a3.jpg', NULL, 0);

--
-- Indexes for dumped tables
--

--
-- Indexes for table `tbl_admin`
--
ALTER TABLE `tbl_admin`
  ADD PRIMARY KEY (`admin_id`);

--
-- Indexes for table `tbl_baiviet`
--
ALTER TABLE `tbl_baiviet`
  ADD PRIMARY KEY (`baiviet_id`),
  ADD KEY `fk_danhmuctin_id` (`danhmuctin_id`);

--
-- Indexes for table `tbl_category`
--
ALTER TABLE `tbl_category`
  ADD PRIMARY KEY (`category_id`);

--
-- Indexes for table `tbl_danhmuc_tin`
--
ALTER TABLE `tbl_danhmuc_tin`
  ADD PRIMARY KEY (`danhmuctin_id`);

--
-- Indexes for table `tbl_donhang`
--
ALTER TABLE `tbl_donhang`
  ADD PRIMARY KEY (`donhang_id`),
  ADD KEY `fk_sanpham_id` (`sanpham_id`),
  ADD KEY `fk_khachhang_id` (`khachhang_id`);

--
-- Indexes for table `tbl_giohang`
--
ALTER TABLE `tbl_giohang`
  ADD PRIMARY KEY (`giohang_id`),
  ADD KEY `fk_sanphamid` (`sanpham_id`);

--
-- Indexes for table `tbl_khachhang`
--
ALTER TABLE `tbl_khachhang`
  ADD PRIMARY KEY (`khachhang_id`);

--
-- Indexes for table `tbl_lienhe`
--
ALTER TABLE `tbl_lienhe`
  ADD PRIMARY KEY (`lienhe_id`);

--
-- Indexes for table `tbl_sanpham`
--
ALTER TABLE `tbl_sanpham`
  ADD PRIMARY KEY (`sanpham_id`),
  ADD KEY `fk_category_id` (`category_id`);

--
-- Indexes for table `tbl_slider`
--
ALTER TABLE `tbl_slider`
  ADD PRIMARY KEY (`slider_id`);

--
-- AUTO_INCREMENT for dumped tables
--

--
-- AUTO_INCREMENT for table `tbl_admin`
--
ALTER TABLE `tbl_admin`
  MODIFY `admin_id` int(11) NOT NULL AUTO_INCREMENT, AUTO_INCREMENT=2;

--
-- AUTO_INCREMENT for table `tbl_baiviet`
--
ALTER TABLE `tbl_baiviet`
  MODIFY `baiviet_id` int(11) NOT NULL AUTO_INCREMENT, AUTO_INCREMENT=13;

--
-- AUTO_INCREMENT for table `tbl_category`
--
ALTER TABLE `tbl_category`
  MODIFY `category_id` int(11) NOT NULL AUTO_INCREMENT, AUTO_INCREMENT=7;

--
-- AUTO_INCREMENT for table `tbl_danhmuc_tin`
--
ALTER TABLE `tbl_danhmuc_tin`
  MODIFY `danhmuctin_id` int(11) NOT NULL AUTO_INCREMENT, AUTO_INCREMENT=4;

--
-- AUTO_INCREMENT for table `tbl_donhang`
--
ALTER TABLE `tbl_donhang`
  MODIFY `donhang_id` int(11) NOT NULL AUTO_INCREMENT, AUTO_INCREMENT=27;

--
-- AUTO_INCREMENT for table `tbl_giohang`
--
ALTER TABLE `tbl_giohang`
  MODIFY `giohang_id` int(11) NOT NULL AUTO_INCREMENT, AUTO_INCREMENT=70;

--
-- AUTO_INCREMENT for table `tbl_khachhang`
--
ALTER TABLE `tbl_khachhang`
  MODIFY `khachhang_id` int(11) NOT NULL AUTO_INCREMENT, AUTO_INCREMENT=37;

--
-- AUTO_INCREMENT for table `tbl_lienhe`
--
ALTER TABLE `tbl_lienhe`
  MODIFY `lienhe_id` int(11) NOT NULL AUTO_INCREMENT, AUTO_INCREMENT=9;

--
-- AUTO_INCREMENT for table `tbl_sanpham`
--
ALTER TABLE `tbl_sanpham`
  MODIFY `sanpham_id` int(11) NOT NULL AUTO_INCREMENT, AUTO_INCREMENT=74;

--
-- AUTO_INCREMENT for table `tbl_slider`
--
ALTER TABLE `tbl_slider`
  MODIFY `slider_id` int(11) NOT NULL AUTO_INCREMENT, AUTO_INCREMENT=6;

--
-- Constraints for dumped tables
--

--
-- Constraints for table `tbl_baiviet`
--
ALTER TABLE `tbl_baiviet`
  ADD CONSTRAINT `fk_danhmuctin_id` FOREIGN KEY (`danhmuctin_id`) REFERENCES `tbl_danhmuc_tin` (`danhmuctin_id`);

--
-- Constraints for table `tbl_donhang`
--
ALTER TABLE `tbl_donhang`
  ADD CONSTRAINT `fk_khachhang_id` FOREIGN KEY (`khachhang_id`) REFERENCES `tbl_khachhang` (`khachhang_id`),
  ADD CONSTRAINT `fk_sanpham_id` FOREIGN KEY (`sanpham_id`) REFERENCES `tbl_sanpham` (`sanpham_id`);

--
-- Constraints for table `tbl_giohang`
--
ALTER TABLE `tbl_giohang`
  ADD CONSTRAINT `fk_sanphamid` FOREIGN KEY (`sanpham_id`) REFERENCES `tbl_sanpham` (`sanpham_id`);

--
-- Constraints for table `tbl_sanpham`
--
ALTER TABLE `tbl_sanpham`
  ADD CONSTRAINT `fk_category_id` FOREIGN KEY (`category_id`) REFERENCES `tbl_category` (`category_id`);
COMMIT;

/*!40101 SET CHARACTER_SET_CLIENT=@OLD_CHARACTER_SET_CLIENT */;
/*!40101 SET CHARACTER_SET_RESULTS=@OLD_CHARACTER_SET_RESULTS */;
/*!40101 SET COLLATION_CONNECTION=@OLD_COLLATION_CONNECTION */;
